num_nodes	n_groups	influencer_appearance	Run	Bored_A	Bored_B	Bored_both	Interest_A	Interest_B	Interest_both	Num_steps	Peak_A	Peak_B	Step_peak_A	Step_peak_B	Susceptible	initial_viral_size_A	initial_viral_size_B	meme_spread_chance	maybe_bored	influencer_spread_chance	interest_meme_A_chance	interest_meme_B_chance
100	2	1	0	37	18	3	56	43	26	14	18	13	7	5	48	5	5	0.3	0.3	0.6	0.5	0.5
100	2	1	1	26	41	10	48	49	21	18	13	20	2	4	43	5	5	0.3	0.3	0.6	0.5	0.5
100	2	1	2	38	22	4	51	54	34	23	16	13	4	3	44	5	5	0.3	0.3	0.6	0.5	0.5
100	2	1	3	74	7	1	55	63	33	32	25	6	4	2	20	5	5	0.3	0.3	0.6	0.5	0.5
100	2	1	4	45	40	19	52	53	29	22	22	22	5	6	34	5	5	0.3	0.3	0.6	0.5	0.5
100	2	1	5	29	70	15	53	58	31	28	15	27	3	9	16	5	5	0.3	0.3	0.6	0.5	0.5
100	2	1	6	33	37	1	52	63	31	24	14	17	5	8	31	5	5	0.3	0.3	0.6	0.5	0.5
100	2	1	7	26	73	13	59	60	33	29	13	45	4	5	14	5	5	0.3	0.3	0.6	0.5	0.5
100	2	1	8	61	32	17	45	44	25	29	19	13	14	2	24	5	5	0.3	0.3	0.6	0.5	0.5
100	2	1	9	30	79	20	47	57	29	18	19	52	6	4	11	5	5	0.3	0.3	0.6	0.5	0.5
100	2	3	10	51	33	7	43	45	20	27	36	9	3	3	23	5	5	0.3	0.3	0.6	0.5	0.5
100	2	3	11	62	44	28	57	49	25	22	35	25	5	5	22	5	5	0.3	0.3	0.6	0.5	0.5
100	2	3	12	61	33	18	56	55	34	25	35	17	6	5	24	5	5	0.3	0.3	0.6	0.5	0.5
100	2	3	13	52	25	3	51	52	21	25	22	13	6	1	26	5	5	0.3	0.3	0.6	0.5	0.5
100	2	3	14	69	49	32	57	49	30	22	41	29	5	7	14	5	5	0.3	0.3	0.6	0.5	0.5
100	2	3	15	48	63	23	47	57	26	26	21	32	4	3	12	5	5	0.3	0.3	0.6	0.5	0.5
100	2	3	16	77	24	16	49	42	25	23	32	13	4	3	15	5	5	0.3	0.3	0.6	0.5	0.5
100	2	3	17	57	38	21	69	56	39	21	34	23	4	6	26	5	5	0.3	0.3	0.6	0.5	0.5
100	2	3	18	65	37	10	54	53	28	26	32	16	8	7	8	5	5	0.3	0.3	0.6	0.5	0.5
100	2	3	19	25	70	13	40	56	23	24	14	28	2	7	18	5	5	0.3	0.3	0.6	0.5	0.5
100	2	5	20	46	45	11	61	57	32	22	21	20	3	5	20	5	5	0.3	0.3	0.6	0.5	0.5
100	2	5	21	70	15	4	56	46	27	26	37	7	4	1	19	5	5	0.3	0.3	0.6	0.5	0.5
100	2	5	22	30	32	11	53	48	25	23	13	17	5	3	49	5	5	0.3	0.3	0.6	0.5	0.5
100	2	5	23	5	56	1	58	50	32	30	5	16	1	3	40	5	5	0.3	0.3	0.6	0.5	0.5
100	2	5	24	46	39	1	45	54	22	29	28	13	3	9	16	5	5	0.3	0.3	0.6	0.5	0.5
100	2	5	25	70	47	33	51	49	28	17	42	25	5	5	16	5	5	0.3	0.3	0.6	0.5	0.5
100	2	5	26	40	64	22	46	49	22	34	14	33	11	4	18	5	5	0.3	0.3	0.6	0.5	0.5
100	2	5	27	56	43	16	52	58	36	38	16	16	6	9	17	5	5	0.3	0.3	0.6	0.5	0.5
100	2	5	28	44	46	10	57	49	28	20	23	18	8	6	20	5	5	0.3	0.3	0.6	0.5	0.5
100	2	5	29	43	25	14	52	65	33	18	22	12	3	5	46	5	5	0.3	0.3	0.6	0.5	0.5
100	2	7	30	64	66	35	54	61	31	18	33	38	5	5	5	5	5	0.3	0.3	0.6	0.5	0.5
100	2	7	31	63	31	15	51	49	26	24	32	17	6	6	21	5	5	0.3	0.3	0.6	0.5	0.5
100	2	7	32	35	66	24	53	47	23	29	18	31	5	4	23	5	5	0.3	0.3	0.6	0.5	0.5
100	2	7	33	41	37	5	55	39	23	25	20	14	4	5	27	5	5	0.3	0.3	0.6	0.5	0.5
100	2	7	34	55	56	25	62	51	31	19	22	28	6	4	14	5	5	0.3	0.3	0.6	0.5	0.5
100	2	7	35	70	33	15	53	49	27	24	39	14	5	8	12	5	5	0.3	0.3	0.6	0.5	0.5
100	2	7	36	33	46	8	42	55	18	23	16	25	4	4	29	5	5	0.3	0.3	0.6	0.5	0.5
100	2	7	37	73	40	26	58	53	31	22	28	21	8	5	13	5	5	0.3	0.3	0.6	0.5	0.5
100	2	7	38	35	46	4	50	47	25	25	18	16	7	14	23	5	5	0.3	0.3	0.6	0.5	0.5
100	2	7	39	56	57	27	54	57	33	25	28	30	8	8	14	5	5	0.3	0.3	0.6	0.5	0.5
100	3	1	40	17	25	2	44	44	18	20	11	16	2	3	60	5	5	0.3	0.3	0.6	0.5	0.5
100	3	1	41	46	31	10	57	53	30	15	24	18	8	5	33	5	5	0.3	0.3	0.6	0.5	0.5
100	3	1	42	12	38	1	56	61	35	20	8	13	5	11	51	5	5	0.3	0.3	0.6	0.5	0.5
100	3	1	43	19	52	5	55	54	31	27	9	20	8	4	34	5	5	0.3	0.3	0.6	0.5	0.5
100	3	1	44	34	29	9	44	51	21	20	12	16	2	3	46	5	5	0.3	0.3	0.6	0.5	0.5
100	3	1	45	17	36	5	51	52	26	16	10	21	4	5	52	5	5	0.3	0.3	0.6	0.5	0.5
100	3	1	46	37	8	0	53	50	28	19	19	7	6	1	55	5	5	0.3	0.3	0.6	0.5	0.5
100	3	1	47	46	21	5	50	56	25	23	24	10	4	11	38	5	5	0.3	0.3	0.6	0.5	0.5
100	3	1	48	29	45	15	52	50	25	24	14	25	3	4	41	5	5	0.3	0.3	0.6	0.5	0.5
100	3	1	49	35	18	6	52	52	30	27	11	8	9	18	53	5	5	0.3	0.3	0.6	0.5	0.5
100	3	3	50	24	25	7	58	53	31	15	17	14	4	2	58	5	5	0.3	0.3	0.6	0.5	0.5
100	3	3	51	15	33	7	58	52	26	23	8	21	2	3	59	5	5	0.3	0.3	0.6	0.5	0.5
100	3	3	52	55	19	11	58	48	28	23	24	12	7	3	37	5	5	0.3	0.3	0.6	0.5	0.5
100	3	3	53	48	61	28	53	61	33	19	28	31	3	7	19	5	5	0.3	0.3	0.6	0.5	0.5
100	3	3	54	33	32	13	51	49	20	23	15	17	6	5	48	5	5	0.3	0.3	0.6	0.5	0.5
100	3	3	55	13	14	4	55	48	27	13	7	12	2	2	77	5	5	0.3	0.3	0.6	0.5	0.5
100	3	3	56	41	53	18	49	59	30	25	17	24	6	4	24	5	5	0.3	0.3	0.6	0.5	0.5
100	3	3	57	40	28	3	60	57	37	30	21	11	7	8	35	5	5	0.3	0.3	0.6	0.5	0.5
100	3	3	58	6	34	0	51	52	23	18	5	16	1	8	60	5	5	0.3	0.3	0.6	0.5	0.5
100	3	3	59	32	41	9	55	53	28	26	23	12	4	2	36	5	5	0.3	0.3	0.6	0.5	0.5
100	3	5	60	44	8	0	52	56	31	21	20	6	9	1	48	5	5	0.3	0.3	0.6	0.5	0.5
100	3	5	61	9	8	1	48	50	27	13	5	7	1	1	84	5	5	0.3	0.3	0.6	0.5	0.5
100	3	5	62	39	12	0	56	62	35	35	14	8	3	3	49	5	5	0.3	0.3	0.6	0.5	0.5
100	3	5	63	5	40	1	51	57	25	19	5	19	1	5	56	5	5	0.3	0.3	0.6	0.5	0.5
100	3	5	64	69	6	3	51	57	28	23	25	5	6	1	28	5	5	0.3	0.3	0.6	0.5	0.5
100	3	5	65	14	51	0	53	57	30	26	11	18	3	12	35	5	5	0.3	0.3	0.6	0.5	0.5
100	3	5	66	30	7	0	46	53	25	33	13	6	3	3	63	5	5	0.3	0.3	0.6	0.5	0.5
100	3	5	67	48	8	3	56	58	28	18	28	5	5	1	47	5	5	0.3	0.3	0.6	0.5	0.5
100	3	5	68	19	34	8	55	49	29	17	12	17	7	2	55	5	5	0.3	0.3	0.6	0.5	0.5
100	3	5	69	41	14	8	57	41	20	14	22	10	4	3	53	5	5	0.3	0.3	0.6	0.5	0.5
100	3	7	70	30	8	1	52	55	31	33	13	7	10	1	63	5	5	0.3	0.3	0.6	0.5	0.5
100	3	7	71	14	27	2	47	45	20	20	8	16	2	4	61	5	5	0.3	0.3	0.6	0.5	0.5
100	3	7	72	33	24	4	57	46	23	24	18	14	6	3	47	5	5	0.3	0.3	0.6	0.5	0.5
100	3	7	73	48	21	7	50	57	29	23	27	9	6	9	38	5	5	0.3	0.3	0.6	0.5	0.5
100	3	7	74	17	51	5	52	59	28	29	10	14	6	10	37	5	5	0.3	0.3	0.6	0.5	0.5
100	3	7	75	32	28	6	52	54	29	20	15	19	4	4	46	5	5	0.3	0.3	0.6	0.5	0.5
100	3	7	76	15	44	6	54	54	30	18	10	27	4	3	47	5	5	0.3	0.3	0.6	0.5	0.5
100	3	7	77	6	35	2	48	62	29	25	5	20	1	3	61	5	5	0.3	0.3	0.6	0.5	0.5
100	3	7	78	31	34	2	56	49	26	22	15	12	4	11	37	5	5	0.3	0.3	0.6	0.5	0.5
100	3	7	79	8	11	3	49	57	26	14	7	9	2	1	84	5	5	0.3	0.3	0.6	0.5	0.5
100	5	1	80	13	8	1	50	48	25	15	8	6	6	1	80	5	5	0.3	0.3	0.6	0.5	0.5
100	5	1	81	9	15	1	53	60	30	14	7	8	1	2	77	5	5	0.3	0.3	0.6	0.5	0.5
100	5	1	82	10	23	2	59	67	39	16	7	12	3	4	69	5	5	0.3	0.3	0.6	0.5	0.5
100	5	1	83	23	11	2	54	48	27	19	17	7	3	1	68	5	5	0.3	0.3	0.6	0.5	0.5
100	5	1	84	11	5	0	49	57	25	12	8	5	4	1	84	5	5	0.3	0.3	0.6	0.5	0.5
100	5	1	85	12	13	1	48	52	25	21	10	6	3	1	76	5	5	0.3	0.3	0.6	0.5	0.5
100	5	1	86	6	26	2	44	58	24	17	6	11	2	3	70	5	5	0.3	0.3	0.6	0.5	0.5
100	5	1	87	10	7	0	48	45	22	17	7	6	1	4	83	5	5	0.3	0.3	0.6	0.5	0.5
100	5	1	88	5	9	1	62	52	33	11	5	7	1	3	87	5	5	0.3	0.3	0.6	0.5	0.5
100	5	1	89	23	12	3	51	57	31	19	13	10	6	3	68	5	5	0.3	0.3	0.6	0.5	0.5
100	5	3	90	9	10	3	59	49	28	10	7	8	1	3	84	5	5	0.3	0.3	0.6	0.5	0.5
100	5	3	91	7	10	2	48	48	23	9	6	7	1	1	85	5	5	0.3	0.3	0.6	0.5	0.5
100	5	3	92	16	16	3	44	52	22	13	13	9	3	2	71	5	5	0.3	0.3	0.6	0.5	0.5
100	5	3	93	26	13	0	66	56	37	21	13	8	5	2	61	5	5	0.3	0.3	0.6	0.5	0.5
100	5	3	94	11	22	0	46	51	25	29	9	9	2	16	67	5	5	0.3	0.3	0.6	0.5	0.5
100	5	3	95	12	15	0	40	51	23	15	7	7	1	3	73	5	5	0.3	0.3	0.6	0.5	0.5
100	5	3	96	14	6	0	49	57	27	13	6	5	1	1	80	5	5	0.3	0.3	0.6	0.5	0.5
100	5	3	97	9	10	0	51	54	30	11	8	7	4	2	81	5	5	0.3	0.3	0.6	0.5	0.5
100	5	3	98	6	20	0	53	60	36	21	6	13	2	7	74	5	5	0.3	0.3	0.6	0.5	0.5
100	5	3	99	8	12	0	48	56	31	17	5	10	1	2	80	5	5	0.3	0.3	0.6	0.5	0.5
100	5	5	100	17	18	5	47	59	30	16	9	12	3	4	70	5	5	0.3	0.3	0.6	0.5	0.5
100	5	5	101	7	6	2	51	47	20	19	6	5	2	1	89	5	5	0.3	0.3	0.6	0.5	0.5
100	5	5	102	30	16	10	57	59	36	28	15	13	6	4	64	5	5	0.3	0.3	0.6	0.5	0.5
100	5	5	103	20	7	3	59	45	27	16	12	6	6	1	76	5	5	0.3	0.3	0.6	0.5	0.5
100	5	5	104	13	22	6	55	55	26	25	7	12	4	3	71	5	5	0.3	0.3	0.6	0.5	0.5
100	5	5	105	9	25	2	47	45	21	15	8	13	2	2	68	5	5	0.3	0.3	0.6	0.5	0.5
100	5	5	106	18	8	1	51	59	31	15	10	7	5	2	75	5	5	0.3	0.3	0.6	0.5	0.5
100	5	5	107	5	14	2	60	58	35	17	5	7	1	3	83	5	5	0.3	0.3	0.6	0.5	0.5
100	5	5	108	8	5	1	48	50	22	15	6	5	2	1	88	5	5	0.3	0.3	0.6	0.5	0.5
100	5	5	109	5	14	0	50	47	25	13	5	9	1	2	81	5	5	0.3	0.3	0.6	0.5	0.5
100	5	7	110	10	22	4	59	60	35	18	8	14	2	2	72	5	5	0.3	0.3	0.6	0.5	0.5
100	5	7	111	21	8	0	54	62	37	23	7	8	2	1	71	5	5	0.3	0.3	0.6	0.5	0.5
100	5	7	112	8	22	1	51	60	32	14	7	12	3	4	71	5	5	0.3	0.3	0.6	0.5	0.5
100	5	7	113	19	13	7	52	58	36	16	10	7	2	1	75	5	5	0.3	0.3	0.6	0.5	0.5
100	5	7	114	6	18	0	34	48	17	26	5	11	1	7	76	5	5	0.3	0.3	0.6	0.5	0.5
100	5	7	115	22	8	0	53	55	26	18	13	7	3	2	70	5	5	0.3	0.3	0.6	0.5	0.5
100	5	7	116	9	14	0	53	50	29	12	6	12	2	3	77	5	5	0.3	0.3	0.6	0.5	0.5
100	5	7	117	22	42	11	52	55	29	19	13	20	5	5	47	5	5	0.3	0.3	0.6	0.5	0.5
100	5	7	118	12	14	6	45	52	27	17	7	8	1	3	80	5	5	0.3	0.3	0.6	0.5	0.5
100	5	7	119	6	25	4	56	54	29	14	5	15	1	3	73	5	5	0.3	0.3	0.6	0.5	0.5
100	7	1	120	6	9	1	61	49	34	14	6	8	1	2	86	5	5	0.3	0.3	0.6	0.5	0.5
100	7	1	121	12	8	1	54	48	30	15	10	7	3	1	81	5	5	0.3	0.3	0.6	0.5	0.5
100	7	1	122	15	18	3	48	59	30	24	7	12	2	2	70	5	5	0.3	0.3	0.6	0.5	0.5
100	7	1	123	8	7	0	51	51	25	16	6	5	1	1	85	5	5	0.3	0.3	0.6	0.5	0.5
100	7	1	124	24	15	0	55	55	27	17	14	7	6	2	61	5	5	0.3	0.3	0.6	0.5	0.5
100	7	1	125	6	11	0	48	47	19	14	6	7	1	1	83	5	5	0.3	0.3	0.6	0.5	0.5
100	7	1	126	9	8	1	43	47	22	12	6	8	2	1	84	5	5	0.3	0.3	0.6	0.5	0.5
100	7	1	127	5	6	0	52	59	34	12	5	5	1	1	89	5	5	0.3	0.3	0.6	0.5	0.5
100	7	1	128	7	10	0	54	55	28	29	6	7	1	2	83	5	5	0.3	0.3	0.6	0.5	0.5
100	7	1	129	7	10	0	54	52	26	11	6	8	1	2	83	5	5	0.3	0.3	0.6	0.5	0.5
100	7	3	130	5	9	0	42	56	26	9	5	7	1	2	86	5	5	0.3	0.3	0.6	0.5	0.5
100	7	3	131	14	9	3	41	51	20	26	7	6	2	3	80	5	5	0.3	0.3	0.6	0.5	0.5
100	7	3	132	15	12	0	52	47	18	19	9	9	3	2	73	5	5	0.3	0.3	0.6	0.5	0.5
100	7	3	133	11	10	3	52	48	25	14	9	8	2	5	82	5	5	0.3	0.3	0.6	0.5	0.5
100	7	3	134	19	11	5	50	51	25	17	11	10	2	3	75	5	5	0.3	0.3	0.6	0.5	0.5
100	7	3	135	13	10	1	49	53	26	24	9	5	1	1	78	5	5	0.3	0.3	0.6	0.5	0.5
100	7	3	136	7	7	1	56	54	26	10	7	6	1	1	87	5	5	0.3	0.3	0.6	0.5	0.5
100	7	3	137	5	20	1	55	56	33	18	5	17	1	2	76	5	5	0.3	0.3	0.6	0.5	0.5
100	7	3	138	13	11	0	53	47	24	16	8	6	3	1	76	5	5	0.3	0.3	0.6	0.5	0.5
100	7	3	139	6	19	2	51	44	22	15	6	10	1	4	77	5	5	0.3	0.3	0.6	0.5	0.5
100	7	5	140	5	17	0	48	58	30	16	5	8	1	1	78	5	5	0.3	0.3	0.6	0.5	0.5
100	7	5	141	5	8	1	64	60	42	12	5	6	1	2	88	5	5	0.3	0.3	0.6	0.5	0.5
100	7	5	142	16	9	3	55	46	28	13	10	8	4	2	78	5	5	0.3	0.3	0.6	0.5	0.5
100	7	5	143	11	6	2	54	58	38	12	8	5	2	1	85	5	5	0.3	0.3	0.6	0.5	0.5
100	7	5	144	11	5	0	65	52	29	14	7	5	1	1	84	5	5	0.3	0.3	0.6	0.5	0.5
100	7	5	145	6	8	0	51	51	29	10	5	6	1	1	86	5	5	0.3	0.3	0.6	0.5	0.5
100	7	5	146	15	8	3	57	52	27	16	11	6	2	1	80	5	5	0.3	0.3	0.6	0.5	0.5
100	7	5	147	10	7	1	49	54	22	11	8	6	1	1	84	5	5	0.3	0.3	0.6	0.5	0.5
100	7	5	148	14	6	0	57	59	31	17	6	5	1	1	80	5	5	0.3	0.3	0.6	0.5	0.5
100	7	5	149	5	5	0	56	45	24	6	5	5	1	1	90	5	5	0.3	0.3	0.6	0.5	0.5
100	7	7	150	7	11	2	52	50	28	17	7	9	1	3	84	5	5	0.3	0.3	0.6	0.5	0.5
100	7	7	151	9	14	1	52	54	28	19	5	8	1	12	78	5	5	0.3	0.3	0.6	0.5	0.5
100	7	7	152	7	12	0	57	48	27	12	5	9	1	2	81	5	5	0.3	0.3	0.6	0.5	0.5
100	7	7	153	14	16	1	46	48	25	13	13	9	3	4	71	5	5	0.3	0.3	0.6	0.5	0.5
100	7	7	154	9	8	0	55	54	27	8	6	7	4	1	83	5	5	0.3	0.3	0.6	0.5	0.5
100	7	7	155	13	8	1	50	49	27	13	11	7	2	1	80	5	5	0.3	0.3	0.6	0.5	0.5
100	7	7	156	14	9	1	51	54	25	14	10	7	2	1	78	5	5	0.3	0.3	0.6	0.5	0.5
100	7	7	157	20	10	3	49	45	24	16	12	9	4	1	73	5	5	0.3	0.3	0.6	0.5	0.5
100	7	7	158	10	8	0	44	49	23	9	5	6	1	1	82	5	5	0.3	0.3	0.6	0.5	0.5
100	7	7	159	8	10	0	52	46	22	10	7	9	1	1	82	5	5	0.3	0.3	0.6	0.5	0.5
200	2	1	160	166	142	109	103	106	62	22	103	87	4	5	1	5	5	0.3	0.3	0.6	0.5	0.5
200	2	1	161	155	184	142	102	103	59	31	106	129	6	5	3	5	5	0.3	0.3	0.6	0.5	0.5
200	2	1	162	150	107	61	99	105	50	29	68	60	4	7	4	5	5	0.3	0.3	0.6	0.5	0.5
200	2	1	163	177	178	155	107	97	48	28	116	130	4	4	0	5	5	0.3	0.3	0.6	0.5	0.5
200	2	1	164	185	161	148	98	108	50	25	126	102	5	6	2	5	5	0.3	0.3	0.6	0.5	0.5
200	2	1	165	154	187	144	99	92	47	20	111	130	5	5	3	5	5	0.3	0.3	0.6	0.5	0.5
200	2	1	166	171	173	146	99	99	52	25	120	116	5	5	2	5	5	0.3	0.3	0.6	0.5	0.5
200	2	1	167	168	155	127	99	96	42	21	118	99	5	6	4	5	5	0.3	0.3	0.6	0.5	0.5
200	2	1	168	160	168	131	104	92	50	19	108	102	5	5	3	5	5	0.3	0.3	0.6	0.5	0.5
200	2	1	169	137	188	126	94	112	51	25	77	116	5	5	1	5	5	0.3	0.3	0.6	0.5	0.5
200	2	3	170	186	97	84	100	83	46	25	95	47	6	4	1	5	5	0.3	0.3	0.6	0.5	0.5
200	2	3	171	169	180	152	92	103	48	24	121	120	5	4	3	5	5	0.3	0.3	0.6	0.5	0.5
200	2	3	172	168	177	146	120	101	57	22	109	119	5	4	1	5	5	0.3	0.3	0.6	0.5	0.5
200	2	3	173	150	189	140	104	108	50	27	98	123	5	5	1	5	5	0.3	0.3	0.6	0.5	0.5
200	2	3	174	182	159	142	98	104	51	21	118	93	5	6	1	5	5	0.3	0.3	0.6	0.5	0.5
200	2	3	175	147	172	120	101	114	55	21	77	117	7	6	1	5	5	0.3	0.3	0.6	0.5	0.5
200	2	3	176	142	188	130	111	96	51	22	96	131	6	4	0	5	5	0.3	0.3	0.6	0.5	0.5
200	2	3	177	184	164	149	100	104	51	29	121	113	4	5	1	5	5	0.3	0.3	0.6	0.5	0.5
200	2	3	178	111	189	102	104	118	67	20	63	116	5	4	2	5	5	0.3	0.3	0.6	0.5	0.5
200	2	3	179	161	172	136	89	95	44	19	108	118	5	4	3	5	5	0.3	0.3	0.6	0.5	0.5
200	2	5	180	186	184	171	112	102	60	37	119	101	6	7	1	5	5	0.3	0.3	0.6	0.5	0.5
200	2	5	181	158	191	152	97	102	52	28	93	135	6	5	3	5	5	0.3	0.3	0.6	0.5	0.5
200	2	5	182	183	162	147	109	95	53	21	134	107	5	5	2	5	5	0.3	0.3	0.6	0.5	0.5
200	2	5	183	181	169	150	106	102	55	29	122	126	4	4	0	5	5	0.3	0.3	0.6	0.5	0.5
200	2	5	184	179	163	144	103	100	54	25	115	116	5	5	2	5	5	0.3	0.3	0.6	0.5	0.5
200	2	5	185	100	183	85	103	97	54	21	59	113	4	5	2	5	5	0.3	0.3	0.6	0.5	0.5
200	2	5	186	190	162	152	114	98	57	24	134	104	4	5	0	5	5	0.3	0.3	0.6	0.5	0.5
200	2	5	187	145	164	111	94	97	48	20	88	102	5	5	2	5	5	0.3	0.3	0.6	0.5	0.5
200	2	5	188	157	173	134	91	102	42	23	103	114	6	5	4	5	5	0.3	0.3	0.6	0.5	0.5
200	2	5	189	181	174	157	107	116	62	27	130	111	5	5	2	5	5	0.3	0.3	0.6	0.5	0.5
200	2	7	190	143	190	134	104	105	53	24	103	129	5	4	1	5	5	0.3	0.3	0.6	0.5	0.5
200	2	7	191	179	151	132	101	101	53	21	109	100	5	6	2	5	5	0.3	0.3	0.6	0.5	0.5
200	2	7	192	174	172	148	117	88	54	26	94	107	6	5	2	5	5	0.3	0.3	0.6	0.5	0.5
200	2	7	193	179	152	131	109	99	48	23	110	85	6	8	0	5	5	0.3	0.3	0.6	0.5	0.5
200	2	7	194	156	187	144	105	101	50	29	101	135	6	5	1	5	5	0.3	0.3	0.6	0.5	0.5
200	2	7	195	192	156	149	98	89	50	27	145	105	4	4	1	5	5	0.3	0.3	0.6	0.5	0.5
200	2	7	196	176	174	153	96	105	54	28	114	126	5	5	3	5	5	0.3	0.3	0.6	0.5	0.5
200	2	7	197	168	182	150	101	94	49	23	104	122	5	5	0	5	5	0.3	0.3	0.6	0.5	0.5
200	2	7	198	188	102	91	104	101	57	22	122	60	5	7	1	5	5	0.3	0.3	0.6	0.5	0.5
200	2	7	199	114	192	107	108	111	61	26	66	138	6	4	1	5	5	0.3	0.3	0.6	0.5	0.5
200	3	1	200	124	149	82	112	99	59	33	55	73	8	7	9	5	5	0.3	0.3	0.6	0.5	0.5
200	3	1	201	82	136	39	100	102	44	22	38	76	5	7	21	5	5	0.3	0.3	0.6	0.5	0.5
200	3	1	202	148	122	76	109	105	61	24	60	58	6	6	6	5	5	0.3	0.3	0.6	0.5	0.5
200	3	1	203	62	176	47	104	110	58	31	32	90	7	6	9	5	5	0.3	0.3	0.6	0.5	0.5
200	3	1	204	178	13	7	96	91	47	29	64	10	10	3	16	5	5	0.3	0.3	0.6	0.5	0.5
200	3	1	205	150	128	86	111	107	54	20	84	80	6	6	8	5	5	0.3	0.3	0.6	0.5	0.5
200	3	1	206	172	99	81	113	102	57	20	97	58	5	6	10	5	5	0.3	0.3	0.6	0.5	0.5
200	3	1	207	155	95	67	106	100	54	25	81	52	6	6	17	5	5	0.3	0.3	0.6	0.5	0.5
200	3	1	208	164	119	92	97	106	57	27	98	65	5	5	9	5	5	0.3	0.3	0.6	0.5	0.5
200	3	1	209	142	119	74	107	101	53	32	59	54	6	8	13	5	5	0.3	0.3	0.6	0.5	0.5
200	3	3	210	114	162	91	99	110	61	25	67	98	7	6	15	5	5	0.3	0.3	0.6	0.5	0.5
200	3	3	211	141	99	55	89	100	46	29	42	42	6	5	15	5	5	0.3	0.3	0.6	0.5	0.5
200	3	3	212	103	131	54	101	100	54	22	46	76	5	6	20	5	5	0.3	0.3	0.6	0.5	0.5
200	3	3	213	138	154	94	95	108	47	28	70	74	6	7	2	5	5	0.3	0.3	0.6	0.5	0.5
200	3	3	214	185	68	59	111	105	52	21	125	34	5	5	6	5	5	0.3	0.3	0.6	0.5	0.5
200	3	3	215	158	124	89	119	100	57	35	68	64	8	6	7	5	5	0.3	0.3	0.6	0.5	0.5
200	3	3	216	150	98	63	107	97	56	29	79	51	7	6	15	5	5	0.3	0.3	0.6	0.5	0.5
200	3	3	217	142	110	65	98	100	55	27	72	66	4	7	13	5	5	0.3	0.3	0.6	0.5	0.5
200	3	3	218	138	166	110	105	113	63	21	86	90	4	6	6	5	5	0.3	0.3	0.6	0.5	0.5
200	3	3	219	101	149	62	89	99	40	33	43	59	9	8	12	5	5	0.3	0.3	0.6	0.5	0.5
200	3	5	220	155	104	71	103	111	55	24	73	37	5	9	12	5	5	0.3	0.3	0.6	0.5	0.5
200	3	5	221	153	135	99	105	94	48	24	96	75	6	6	11	5	5	0.3	0.3	0.6	0.5	0.5
200	3	5	222	111	155	79	86	105	45	24	54	66	6	9	13	5	5	0.3	0.3	0.6	0.5	0.5
200	3	5	223	104	153	72	97	102	49	25	55	87	7	5	15	5	5	0.3	0.3	0.6	0.5	0.5
200	3	5	224	178	64	47	109	106	56	20	98	32	5	9	5	5	5	0.3	0.3	0.6	0.5	0.5
200	3	5	225	165	10	1	99	106	62	20	88	9	6	2	26	5	5	0.3	0.3	0.6	0.5	0.5
200	3	5	226	96	166	66	107	96	55	29	47	83	6	6	4	5	5	0.3	0.3	0.6	0.5	0.5
200	3	5	227	167	126	102	114	108	67	22	112	70	6	6	9	5	5	0.3	0.3	0.6	0.5	0.5
200	3	5	228	169	128	107	99	104	52	26	84	61	7	6	10	5	5	0.3	0.3	0.6	0.5	0.5
200	3	5	229	38	167	22	93	106	44	30	18	82	8	8	17	5	5	0.3	0.3	0.6	0.5	0.5
200	3	7	230	116	164	96	95	99	48	28	69	78	7	7	16	5	5	0.3	0.3	0.6	0.5	0.5
200	3	7	231	94	151	58	98	93	41	29	45	74	4	6	13	5	5	0.3	0.3	0.6	0.5	0.5
200	3	7	232	170	142	116	111	106	66	24	108	87	6	6	4	5	5	0.3	0.3	0.6	0.5	0.5
200	3	7	233	123	133	69	112	99	58	29	57	50	7	5	13	5	5	0.3	0.3	0.6	0.5	0.5
200	3	7	234	150	114	78	95	99	56	24	89	50	6	4	14	5	5	0.3	0.3	0.6	0.5	0.5
200	3	7	235	161	45	23	111	99	56	35	83	24	8	5	17	5	5	0.3	0.3	0.6	0.5	0.5
200	3	7	236	139	130	83	98	100	47	26	64	73	7	7	14	5	5	0.3	0.3	0.6	0.5	0.5
200	3	7	237	132	137	77	97	97	45	31	62	67	7	9	8	5	5	0.3	0.3	0.6	0.5	0.5
200	3	7	238	21	176	14	98	109	42	25	8	91	1	5	17	5	5	0.3	0.3	0.6	0.5	0.5
200	3	7	239	164	136	106	110	108	62	21	95	79	5	7	6	5	5	0.3	0.3	0.6	0.5	0.5
200	5	1	240	65	46	4	102	98	57	25	31	15	8	8	93	5	5	0.3	0.3	0.6	0.5	0.5
200	5	1	241	37	124	10	96	105	51	29	13	45	9	6	49	5	5	0.3	0.3	0.6	0.5	0.5
200	5	1	242	62	48	9	103	97	54	24	24	24	9	4	99	5	5	0.3	0.3	0.6	0.5	0.5
200	5	1	243	20	38	1	104	97	45	28	7	18	4	7	143	5	5	0.3	0.3	0.6	0.5	0.5
200	5	1	244	52	44	5	97	105	48	35	14	19	2	7	109	5	5	0.3	0.3	0.6	0.5	0.5
200	5	1	245	20	128	9	84	104	43	34	9	30	5	15	61	5	5	0.3	0.3	0.6	0.5	0.5
200	5	1	246	72	73	24	107	99	51	22	31	28	4	12	79	5	5	0.3	0.3	0.6	0.5	0.5
200	5	1	247	124	8	4	109	109	66	28	60	6	5	1	72	5	5	0.3	0.3	0.6	0.5	0.5
200	5	1	248	96	47	15	103	88	42	31	35	21	6	5	72	5	5	0.3	0.3	0.6	0.5	0.5
200	5	1	249	94	72	12	94	100	47	26	39	25	8	11	46	5	5	0.3	0.3	0.6	0.5	0.5
200	5	3	250	64	22	3	100	103	57	27	19	11	13	1	117	5	5	0.3	0.3	0.6	0.5	0.5
200	5	3	251	117	39	9	96	103	46	23	49	16	12	5	53	5	5	0.3	0.3	0.6	0.5	0.5
200	5	3	252	101	65	10	102	103	52	29	27	31	13	6	44	5	5	0.3	0.3	0.6	0.5	0.5
200	5	3	253	15	10	0	100	102	57	15	8	7	5	2	175	5	5	0.3	0.3	0.6	0.5	0.5
200	5	3	254	70	39	17	107	102	57	34	17	21	6	4	108	5	5	0.3	0.3	0.6	0.5	0.5
200	5	3	255	112	5	0	105	95	52	29	33	5	5	1	83	5	5	0.3	0.3	0.6	0.5	0.5
200	5	3	256	125	40	6	107	107	56	24	55	24	7	5	41	5	5	0.3	0.3	0.6	0.5	0.5
200	5	3	257	9	123	2	103	104	50	40	6	49	1	7	70	5	5	0.3	0.3	0.6	0.5	0.5
200	5	3	258	46	119	16	95	106	49	28	15	45	11	6	51	5	5	0.3	0.3	0.6	0.5	0.5
200	5	3	259	121	61	16	98	104	59	35	39	18	10	20	34	5	5	0.3	0.3	0.6	0.5	0.5
200	5	5	260	153	9	0	119	115	76	43	36	8	11	1	38	5	5	0.3	0.3	0.6	0.5	0.5
200	5	5	261	33	116	9	113	103	56	28	11	42	9	9	60	5	5	0.3	0.3	0.6	0.5	0.5
200	5	5	262	97	33	7	111	101	56	39	32	16	7	7	77	5	5	0.3	0.3	0.6	0.5	0.5
200	5	5	263	59	76	11	99	105	56	22	29	37	5	5	76	5	5	0.3	0.3	0.6	0.5	0.5
200	5	5	264	69	41	17	99	104	60	31	22	14	7	9	107	5	5	0.3	0.3	0.6	0.5	0.5
200	5	5	265	139	44	24	104	96	42	27	63	17	7	7	41	5	5	0.3	0.3	0.6	0.5	0.5
200	5	5	266	32	108	7	107	104	51	32	14	40	8	10	67	5	5	0.3	0.3	0.6	0.5	0.5
200	5	5	267	96	36	9	96	103	51	25	43	16	7	6	77	5	5	0.3	0.3	0.6	0.5	0.5
200	5	5	268	138	15	0	119	104	59	44	49	7	15	2	47	5	5	0.3	0.3	0.6	0.5	0.5
200	5	5	269	75	71	8	100	95	46	37	24	18	16	19	62	5	5	0.3	0.3	0.6	0.5	0.5
200	5	7	270	8	121	4	105	114	58	35	5	41	1	10	75	5	5	0.3	0.3	0.6	0.5	0.5
200	5	7	271	86	90	22	105	104	58	27	31	39	6	6	46	5	5	0.3	0.3	0.6	0.5	0.5
200	5	7	272	13	120	2	117	109	67	41	8	30	2	14	69	5	5	0.3	0.3	0.6	0.5	0.5
200	5	7	273	23	89	3	99	107	51	38	15	26	3	6	91	5	5	0.3	0.3	0.6	0.5	0.5
200	5	7	274	57	40	14	104	104	54	21	28	13	3	10	117	5	5	0.3	0.3	0.6	0.5	0.5
200	5	7	275	8	137	1	111	99	54	62	5	27	1	24	56	5	5	0.3	0.3	0.6	0.5	0.5
200	5	7	276	92	46	3	98	103	51	39	29	13	4	20	65	5	5	0.3	0.3	0.6	0.5	0.5
200	5	7	277	123	7	1	107	105	65	42	34	6	22	1	71	5	5	0.3	0.3	0.6	0.5	0.5
200	5	7	278	106	9	1	105	94	46	27	33	6	6	1	86	5	5	0.3	0.3	0.6	0.5	0.5
200	5	7	279	37	135	11	98	105	53	23	18	50	11	6	39	5	5	0.3	0.3	0.6	0.5	0.5
200	7	1	280	88	17	5	102	94	45	34	31	10	3	2	100	5	5	0.3	0.3	0.6	0.5	0.5
200	7	1	281	76	36	6	105	105	52	24	30	21	8	5	94	5	5	0.3	0.3	0.6	0.5	0.5
200	7	1	282	9	39	0	112	120	70	37	7	13	2	7	152	5	5	0.3	0.3	0.6	0.5	0.5
200	7	1	283	31	48	6	95	99	53	21	15	25	5	5	127	5	5	0.3	0.3	0.6	0.5	0.5
200	7	1	284	20	69	3	98	102	50	25	13	18	3	12	114	5	5	0.3	0.3	0.6	0.5	0.5
200	7	1	285	9	23	3	99	98	46	15	8	15	2	2	171	5	5	0.3	0.3	0.6	0.5	0.5
200	7	1	286	61	57	15	107	106	52	35	17	18	19	9	97	5	5	0.3	0.3	0.6	0.5	0.5
200	7	1	287	32	56	10	100	110	56	24	15	23	5	8	122	5	5	0.3	0.3	0.6	0.5	0.5
200	7	1	288	45	46	9	102	107	56	31	14	17	3	9	118	5	5	0.3	0.3	0.6	0.5	0.5
200	7	1	289	61	5	1	101	119	65	20	29	5	5	1	135	5	5	0.3	0.3	0.6	0.5	0.5
200	7	3	290	31	33	3	94	98	44	25	16	16	6	6	139	5	5	0.3	0.3	0.6	0.5	0.5
200	7	3	291	72	27	1	100	106	57	36	22	10	11	5	102	5	5	0.3	0.3	0.6	0.5	0.5
200	7	3	292	76	8	0	106	99	58	36	20	6	8	1	116	5	5	0.3	0.3	0.6	0.5	0.5
200	7	3	293	52	7	0	96	93	47	18	19	6	10	2	141	5	5	0.3	0.3	0.6	0.5	0.5
200	7	3	294	48	50	6	98	98	49	23	24	22	7	9	108	5	5	0.3	0.3	0.6	0.5	0.5
200	7	3	295	64	13	0	96	95	51	29	24	10	7	1	123	5	5	0.3	0.3	0.6	0.5	0.5
200	7	3	296	9	71	1	119	95	53	26	7	25	2	6	121	5	5	0.3	0.3	0.6	0.5	0.5
200	7	3	297	12	60	1	108	102	51	37	9	23	1	10	129	5	5	0.3	0.3	0.6	0.5	0.5
200	7	3	298	63	8	0	101	108	54	29	21	7	18	2	129	5	5	0.3	0.3	0.6	0.5	0.5
200	7	3	299	43	85	17	111	122	67	31	20	31	8	6	89	5	5	0.3	0.3	0.6	0.5	0.5
200	7	5	300	48	63	16	105	100	53	28	28	29	5	6	105	5	5	0.3	0.3	0.6	0.5	0.5
200	7	5	301	17	78	0	102	105	56	41	12	19	1	19	105	5	5	0.3	0.3	0.6	0.5	0.5
200	7	5	302	64	20	2	106	109	57	35	21	8	14	7	118	5	5	0.3	0.3	0.6	0.5	0.5
200	7	5	303	35	22	2	97	100	54	20	11	13	5	5	145	5	5	0.3	0.3	0.6	0.5	0.5
200	7	5	304	13	45	1	99	100	45	41	7	14	1	14	143	5	5	0.3	0.3	0.6	0.5	0.5
200	7	5	305	31	41	5	99	110	58	35	15	21	4	7	133	5	5	0.3	0.3	0.6	0.5	0.5
200	7	5	306	51	53	5	100	93	44	37	24	19	5	9	101	5	5	0.3	0.3	0.6	0.5	0.5
200	7	5	307	31	62	1	98	98	49	28	16	28	2	10	108	5	5	0.3	0.3	0.6	0.5	0.5
200	7	5	308	18	26	1	101	94	47	17	9	13	8	8	157	5	5	0.3	0.3	0.6	0.5	0.5
200	7	5	309	66	37	7	97	116	61	29	21	21	4	4	104	5	5	0.3	0.3	0.6	0.5	0.5
200	7	7	310	9	13	1	100	108	57	15	7	7	1	2	179	5	5	0.3	0.3	0.6	0.5	0.5
200	7	7	311	34	17	5	91	95	41	24	15	11	8	6	154	5	5	0.3	0.3	0.6	0.5	0.5
200	7	7	312	55	26	8	92	108	53	29	20	15	4	3	127	5	5	0.3	0.3	0.6	0.5	0.5
200	7	7	313	10	51	0	106	92	47	20	8	24	3	8	139	5	5	0.3	0.3	0.6	0.5	0.5
200	7	7	314	23	29	0	86	98	40	23	8	10	10	11	148	5	5	0.3	0.3	0.6	0.5	0.5
200	7	7	315	41	46	3	109	111	64	21	13	22	2	4	116	5	5	0.3	0.3	0.6	0.5	0.5
200	7	7	316	44	37	3	102	100	52	32	21	19	7	10	122	5	5	0.3	0.3	0.6	0.5	0.5
200	7	7	317	43	50	1	113	93	56	24	16	23	5	5	108	5	5	0.3	0.3	0.6	0.5	0.5
200	7	7	318	6	37	0	115	90	47	18	5	17	1	3	157	5	5	0.3	0.3	0.6	0.5	0.5
200	7	7	319	17	60	3	104	103	54	15	11	31	2	7	126	5	5	0.3	0.3	0.6	0.5	0.5
300	2	1	320	276	289	265	166	148	81	28	198	219	4	4	0	5	5	0.3	0.3	0.6	0.5	0.5
300	2	1	321	253	294	247	147	143	74	32	192	230	5	4	0	5	5	0.3	0.3	0.6	0.5	0.5
300	2	1	322	266	274	240	143	154	71	20	198	183	4	4	0	5	5	0.3	0.3	0.6	0.5	0.5
300	2	1	323	286	296	282	146	155	70	28	241	253	4	4	0	5	5	0.3	0.3	0.6	0.5	0.5
300	2	1	324	297	250	247	162	149	84	22	229	194	4	5	0	5	5	0.3	0.3	0.6	0.5	0.5
300	2	1	325	292	272	264	152	152	72	23	231	220	3	4	0	5	5	0.3	0.3	0.6	0.5	0.5
300	2	1	326	273	257	230	152	148	68	21	198	178	4	4	0	5	5	0.3	0.3	0.6	0.5	0.5
300	2	1	327	264	290	254	160	146	74	23	222	225	4	3	0	5	5	0.3	0.3	0.6	0.5	0.5
300	2	1	328	260	289	249	157	159	89	24	197	225	5	4	0	5	5	0.3	0.3	0.6	0.5	0.5
300	2	1	329	271	291	262	141	151	69	26	215	222	5	4	0	5	5	0.3	0.3	0.6	0.5	0.5
300	2	3	330	231	286	218	158	153	78	22	161	217	4	3	1	5	5	0.3	0.3	0.6	0.5	0.5
300	2	3	331	295	276	271	150	165	77	19	247	241	3	4	0	5	5	0.3	0.3	0.6	0.5	0.5
300	2	3	332	287	255	242	163	142	75	22	231	184	5	6	0	5	5	0.3	0.3	0.6	0.5	0.5
300	2	3	333	263	288	251	156	165	95	32	202	241	4	4	0	5	5	0.3	0.3	0.6	0.5	0.5
300	2	3	334	294	274	268	159	158	78	24	233	224	4	4	0	5	5	0.3	0.3	0.6	0.5	0.5
300	2	3	335	255	295	250	156	143	81	23	203	242	4	3	0	5	5	0.3	0.3	0.6	0.5	0.5
300	2	3	336	286	278	264	152	156	82	22	219	224	4	4	0	5	5	0.3	0.3	0.6	0.5	0.5
300	2	3	337	251	295	246	159	147	78	25	205	237	4	3	0	5	5	0.3	0.3	0.6	0.5	0.5
300	2	3	338	293	282	275	156	168	88	22	220	242	4	4	0	5	5	0.3	0.3	0.6	0.5	0.5
300	2	3	339	278	283	261	155	141	78	24	214	215	4	4	0	5	5	0.3	0.3	0.6	0.5	0.5
300	2	5	340	291	279	270	171	147	79	19	223	227	3	4	0	5	5	0.3	0.3	0.6	0.5	0.5
300	2	5	341	250	297	247	142	148	68	27	210	232	5	3	0	5	5	0.3	0.3	0.6	0.5	0.5
300	2	5	342	296	278	274	160	141	74	22	248	232	4	4	0	5	5	0.3	0.3	0.6	0.5	0.5
300	2	5	343	287	270	257	153	147	76	25	219	202	4	4	0	5	5	0.3	0.3	0.6	0.5	0.5
300	2	5	344	293	288	281	149	150	67	28	230	226	3	3	0	5	5	0.3	0.3	0.6	0.5	0.5
300	2	5	345	297	280	277	159	136	74	24	244	225	3	4	0	5	5	0.3	0.3	0.6	0.5	0.5
300	2	5	346	264	295	259	158	149	80	20	182	242	5	3	0	5	5	0.3	0.3	0.6	0.5	0.5
300	2	5	347	296	71	68	151	164	74	23	231	54	4	8	1	5	5	0.3	0.3	0.6	0.5	0.5
300	2	5	348	254	300	254	143	170	86	26	194	263	5	3	0	5	5	0.3	0.3	0.6	0.5	0.5
300	2	5	349	262	275	237	149	140	72	25	190	213	4	4	0	5	5	0.3	0.3	0.6	0.5	0.5
300	2	7	350	289	273	262	145	145	70	24	220	188	4	4	0	5	5	0.3	0.3	0.6	0.5	0.5
300	2	7	351	282	288	270	152	147	75	25	234	224	4	3	0	5	5	0.3	0.3	0.6	0.5	0.5
300	2	7	352	293	278	272	154	147	79	30	235	224	4	4	1	5	5	0.3	0.3	0.6	0.5	0.5
300	2	7	353	166	295	162	140	170	74	21	122	261	5	3	1	5	5	0.3	0.3	0.6	0.5	0.5
300	2	7	354	292	231	224	137	145	65	22	208	146	4	5	1	5	5	0.3	0.3	0.6	0.5	0.5
300	2	7	355	285	280	265	149	147	76	22	221	219	3	3	0	5	5	0.3	0.3	0.6	0.5	0.5
300	2	7	356	290	294	284	149	147	80	26	252	244	3	3	0	5	5	0.3	0.3	0.6	0.5	0.5
300	2	7	357	274	291	265	156	148	77	20	214	237	4	3	0	5	5	0.3	0.3	0.6	0.5	0.5
300	2	7	358	286	235	221	147	145	62	19	185	172	4	5	0	5	5	0.3	0.3	0.6	0.5	0.5
300	2	7	359	282	279	261	153	160	84	23	217	217	4	3	0	5	5	0.3	0.3	0.6	0.5	0.5
300	3	1	360	267	268	236	168	146	83	31	190	188	5	5	1	5	5	0.3	0.3	0.6	0.5	0.5
300	3	1	361	227	266	194	144	145	74	23	158	148	6	6	1	5	5	0.3	0.3	0.6	0.5	0.5
300	3	1	362	270	268	240	148	167	79	26	178	183	5	5	2	5	5	0.3	0.3	0.6	0.5	0.5
300	3	1	363	271	233	209	157	145	76	26	178	136	5	6	5	5	5	0.3	0.3	0.6	0.5	0.5
300	3	1	364	254	255	210	173	155	84	28	175	165	4	5	1	5	5	0.3	0.3	0.6	0.5	0.5
300	3	1	365	82	280	72	160	157	80	26	38	157	9	6	10	5	5	0.3	0.3	0.6	0.5	0.5
300	3	1	366	95	274	77	138	146	69	23	56	166	4	5	8	5	5	0.3	0.3	0.6	0.5	0.5
300	3	1	367	288	254	243	163	166	88	21	206	167	4	4	1	5	5	0.3	0.3	0.6	0.5	0.5
300	3	1	368	238	242	182	161	159	82	27	149	158	5	5	2	5	5	0.3	0.3	0.6	0.5	0.5
300	3	1	369	180	292	175	150	159	80	26	129	216	6	4	3	5	5	0.3	0.3	0.6	0.5	0.5
300	3	3	370	206	281	189	138	150	68	25	124	162	8	5	2	5	5	0.3	0.3	0.6	0.5	0.5
300	3	3	371	240	269	210	170	150	86	20	147	197	5	5	1	5	5	0.3	0.3	0.6	0.5	0.5
300	3	3	372	251	281	232	146	159	79	26	159	219	6	5	0	5	5	0.3	0.3	0.6	0.5	0.5
300	3	3	373	251	181	134	149	159	77	23	139	127	6	5	2	5	5	0.3	0.3	0.6	0.5	0.5
300	3	3	374	257	244	202	153	155	75	26	164	142	6	5	1	5	5	0.3	0.3	0.6	0.5	0.5
300	3	3	375	254	228	182	146	144	65	30	167	137	5	6	0	5	5	0.3	0.3	0.6	0.5	0.5
300	3	3	376	255	276	231	177	161	94	27	175	191	5	4	0	5	5	0.3	0.3	0.6	0.5	0.5
300	3	3	377	236	270	208	152	162	90	23	166	184	5	4	2	5	5	0.3	0.3	0.6	0.5	0.5
300	3	3	378	288	198	186	163	140	75	21	185	108	4	5	0	5	5	0.3	0.3	0.6	0.5	0.5
300	3	3	379	230	275	206	151	148	77	21	147	196	5	4	1	5	5	0.3	0.3	0.6	0.5	0.5
300	3	5	380	275	245	221	150	142	72	25	184	164	5	6	1	5	5	0.3	0.3	0.6	0.5	0.5
300	3	5	381	262	228	193	152	159	79	26	184	162	6	7	3	5	5	0.3	0.3	0.6	0.5	0.5
300	3	5	382	254	237	192	151	150	66	25	147	182	5	5	1	5	5	0.3	0.3	0.6	0.5	0.5
300	3	5	383	282	180	165	152	143	76	26	209	108	5	6	3	5	5	0.3	0.3	0.6	0.5	0.5
300	3	5	384	231	283	216	158	153	76	23	153	193	6	5	2	5	5	0.3	0.3	0.6	0.5	0.5
300	3	5	385	109	294	104	151	169	86	20	62	210	6	4	1	5	5	0.3	0.3	0.6	0.5	0.5
300	3	5	386	161	281	146	151	137	65	23	87	184	7	5	4	5	5	0.3	0.3	0.6	0.5	0.5
300	3	5	387	297	166	164	167	143	83	23	185	94	3	5	1	5	5	0.3	0.3	0.6	0.5	0.5
300	3	5	388	234	192	134	150	154	75	23	129	120	4	6	8	5	5	0.3	0.3	0.6	0.5	0.5
300	3	5	389	275	192	168	155	168	85	29	166	124	5	7	1	5	5	0.3	0.3	0.6	0.5	0.5
300	3	7	390	274	236	210	147	157	74	24	166	144	5	6	0	5	5	0.3	0.3	0.6	0.5	0.5
300	3	7	391	262	259	223	169	147	87	23	163	163	5	5	2	5	5	0.3	0.3	0.6	0.5	0.5
300	3	7	392	204	272	177	132	152	72	27	113	186	5	5	1	5	5	0.3	0.3	0.6	0.5	0.5
300	3	7	393	233	282	215	140	170	70	22	159	202	5	5	0	5	5	0.3	0.3	0.6	0.5	0.5
300	3	7	394	259	244	207	139	153	66	32	178	163	5	5	4	5	5	0.3	0.3	0.6	0.5	0.5
300	3	7	395	265	233	199	158	150	79	27	157	143	6	7	1	5	5	0.3	0.3	0.6	0.5	0.5
300	3	7	396	270	262	232	173	161	93	27	189	163	4	5	0	5	5	0.3	0.3	0.6	0.5	0.5
300	3	7	397	131	293	126	149	173	82	23	86	211	6	4	2	5	5	0.3	0.3	0.6	0.5	0.5
300	3	7	398	261	256	218	142	161	82	25	194	158	5	6	1	5	5	0.3	0.3	0.6	0.5	0.5
300	3	7	399	271	188	163	145	144	70	26	183	115	4	6	4	5	5	0.3	0.3	0.6	0.5	0.5
300	5	1	400	190	191	96	159	164	90	36	91	80	10	8	15	5	5	0.3	0.3	0.6	0.5	0.5
300	5	1	401	180	197	97	152	148	76	24	99	95	7	6	20	5	5	0.3	0.3	0.6	0.5	0.5
300	5	1	402	241	140	91	150	148	73	29	132	70	6	8	10	5	5	0.3	0.3	0.6	0.5	0.5
300	5	1	403	167	225	103	161	148	84	30	69	104	10	11	11	5	5	0.3	0.3	0.6	0.5	0.5
300	5	1	404	223	166	104	153	160	79	37	87	63	8	10	15	5	5	0.3	0.3	0.6	0.5	0.5
300	5	1	405	232	79	41	153	143	67	30	96	27	8	7	30	5	5	0.3	0.3	0.6	0.5	0.5
300	5	1	406	217	206	135	165	164	86	28	110	107	7	8	12	5	5	0.3	0.3	0.6	0.5	0.5
300	5	1	407	224	163	110	162	136	77	24	121	69	9	11	23	5	5	0.3	0.3	0.6	0.5	0.5
300	5	1	408	246	173	132	148	154	80	28	132	91	9	9	13	5	5	0.3	0.3	0.6	0.5	0.5
300	5	1	409	244	158	114	143	146	60	35	91	86	7	10	12	5	5	0.3	0.3	0.6	0.5	0.5
300	5	3	410	232	74	47	159	152	85	34	100	27	9	5	41	5	5	0.3	0.3	0.6	0.5	0.5
300	5	3	411	187	166	78	141	158	68	31	90	88	7	7	25	5	5	0.3	0.3	0.6	0.5	0.5
300	5	3	412	102	184	44	142	147	72	44	30	74	11	13	58	5	5	0.3	0.3	0.6	0.5	0.5
300	5	3	413	182	199	103	155	153	78	31	96	111	8	7	22	5	5	0.3	0.3	0.6	0.5	0.5
300	5	3	414	249	18	9	150	157	71	30	88	10	6	6	42	5	5	0.3	0.3	0.6	0.5	0.5
300	5	3	415	183	211	116	154	160	82	24	94	95	8	7	22	5	5	0.3	0.3	0.6	0.5	0.5
300	5	3	416	244	118	87	162	144	82	30	112	59	8	9	25	5	5	0.3	0.3	0.6	0.5	0.5
300	5	3	417	186	218	124	158	152	80	24	77	114	7	7	20	5	5	0.3	0.3	0.6	0.5	0.5
300	5	3	418	193	169	85	151	156	80	26	81	74	7	10	23	5	5	0.3	0.3	0.6	0.5	0.5
300	5	3	419	122	243	83	141	145	74	34	48	125	9	7	18	5	5	0.3	0.3	0.6	0.5	0.5
300	5	5	420	241	144	101	143	151	73	28	139	74	5	7	16	5	5	0.3	0.3	0.6	0.5	0.5
300	5	5	421	164	240	123	143	160	79	33	89	105	6	7	19	5	5	0.3	0.3	0.6	0.5	0.5
300	5	5	422	143	243	107	160	156	83	33	65	107	10	7	21	5	5	0.3	0.3	0.6	0.5	0.5
300	5	5	423	221	159	93	149	141	59	25	124	81	5	5	13	5	5	0.3	0.3	0.6	0.5	0.5
300	5	5	424	45	231	25	141	148	74	29	18	100	11	7	49	5	5	0.3	0.3	0.6	0.5	0.5
300	5	5	425	156	209	84	144	142	74	30	75	92	8	6	19	5	5	0.3	0.3	0.6	0.5	0.5
300	5	5	426	244	109	84	144	155	73	32	86	45	10	11	31	5	5	0.3	0.3	0.6	0.5	0.5
300	5	5	427	199	122	66	142	168	88	36	82	49	7	9	45	5	5	0.3	0.3	0.6	0.5	0.5
300	5	5	428	215	179	107	166	165	98	25	98	90	7	9	13	5	5	0.3	0.3	0.6	0.5	0.5
300	5	5	429	83	245	50	140	144	68	29	40	135	11	7	22	5	5	0.3	0.3	0.6	0.5	0.5
300	5	7	430	167	187	80	152	140	69	28	73	82	10	8	26	5	5	0.3	0.3	0.6	0.5	0.5
300	5	7	431	96	202	58	156	142	73	32	41	90	11	6	60	5	5	0.3	0.3	0.6	0.5	0.5
300	5	7	432	192	152	67	149	153	80	28	67	66	8	12	23	5	5	0.3	0.3	0.6	0.5	0.5
300	5	7	433	123	239	83	145	154	72	23	64	126	7	8	21	5	5	0.3	0.3	0.6	0.5	0.5
300	5	7	434	229	176	124	164	143	81	24	109	78	6	7	19	5	5	0.3	0.3	0.6	0.5	0.5
300	5	7	435	198	205	126	154	161	82	35	96	100	7	7	23	5	5	0.3	0.3	0.6	0.5	0.5
300	5	7	436	156	190	81	143	162	82	21	73	86	7	8	35	5	5	0.3	0.3	0.6	0.5	0.5
300	5	7	437	236	141	88	161	152	81	22	129	72	6	8	11	5	5	0.3	0.3	0.6	0.5	0.5
300	5	7	438	203	43	11	136	137	59	41	55	19	12	11	65	5	5	0.3	0.3	0.6	0.5	0.5
300	5	7	439	119	245	83	149	165	88	23	61	131	8	6	19	5	5	0.3	0.3	0.6	0.5	0.5
300	7	1	440	106	195	50	138	149	62	38	34	63	16	11	49	5	5	0.3	0.3	0.6	0.5	0.5
300	7	1	441	71	195	31	153	157	81	27	21	97	10	7	65	5	5	0.3	0.3	0.6	0.5	0.5
300	7	1	442	169	69	9	158	151	79	33	52	18	9	3	71	5	5	0.3	0.3	0.6	0.5	0.5
300	7	1	443	6	198	0	154	137	76	36	5	57	1	11	96	5	5	0.3	0.3	0.6	0.5	0.5
300	7	1	444	151	118	33	159	168	91	33	60	31	9	4	64	5	5	0.3	0.3	0.6	0.5	0.5
300	7	1	445	159	140	45	161	170	93	30	58	41	10	8	46	5	5	0.3	0.3	0.6	0.5	0.5
300	7	1	446	151	98	22	151	162	82	38	51	19	10	12	73	5	5	0.3	0.3	0.6	0.5	0.5
300	7	1	447	140	69	19	148	164	83	54	38	22	16	11	110	5	5	0.3	0.3	0.6	0.5	0.5
300	7	1	448	216	62	28	173	158	97	28	86	22	7	10	50	5	5	0.3	0.3	0.6	0.5	0.5
300	7	1	449	227	77	53	162	159	82	25	107	41	7	9	49	5	5	0.3	0.3	0.6	0.5	0.5
300	7	3	450	109	193	61	145	140	66	35	44	78	7	7	59	5	5	0.3	0.3	0.6	0.5	0.5
300	7	3	451	172	83	23	151	135	70	40	47	29	15	19	68	5	5	0.3	0.3	0.6	0.5	0.5
300	7	3	452	69	137	17	149	141	72	44	29	32	7	7	111	5	5	0.3	0.3	0.6	0.5	0.5
300	7	3	453	151	172	82	148	153	77	24	77	73	6	7	59	5	5	0.3	0.3	0.6	0.5	0.5
300	7	3	454	142	142	48	145	150	72	37	50	52	9	8	64	5	5	0.3	0.3	0.6	0.5	0.5
300	7	3	455	89	144	14	153	143	67	36	28	37	17	9	81	5	5	0.3	0.3	0.6	0.5	0.5
300	7	3	456	104	108	12	134	152	67	36	31	32	9	9	100	5	5	0.3	0.3	0.6	0.5	0.5
300	7	3	457	172	61	20	151	155	74	37	72	21	10	14	87	5	5	0.3	0.3	0.6	0.5	0.5
300	7	3	458	46	189	17	150	156	75	30	22	59	8	8	82	5	5	0.3	0.3	0.6	0.5	0.5
300	7	3	459	94	147	32	165	156	90	32	41	42	14	11	91	5	5	0.3	0.3	0.6	0.5	0.5
300	7	5	460	113	99	31	151	149	71	31	43	44	7	7	119	5	5	0.3	0.3	0.6	0.5	0.5
300	7	5	461	141	164	61	153	156	89	34	55	52	9	11	56	5	5	0.3	0.3	0.6	0.5	0.5
300	7	5	462	63	193	37	147	148	75	29	23	68	12	12	81	5	5	0.3	0.3	0.6	0.5	0.5
300	7	5	463	158	161	56	152	153	74	27	67	77	11	7	37	5	5	0.3	0.3	0.6	0.5	0.5
300	7	5	464	209	88	47	148	140	66	30	76	32	8	9	50	5	5	0.3	0.3	0.6	0.5	0.5
300	7	5	465	164	45	18	149	145	60	39	40	17	7	7	109	5	5	0.3	0.3	0.6	0.5	0.5
300	7	5	466	65	212	43	164	156	83	30	25	73	15	10	66	5	5	0.3	0.3	0.6	0.5	0.5
300	7	5	467	104	156	36	149	162	75	29	31	61	11	9	76	5	5	0.3	0.3	0.6	0.5	0.5
300	7	5	468	190	80	31	156	140	67	30	59	35	7	10	61	5	5	0.3	0.3	0.6	0.5	0.5
300	7	5	469	147	174	64	161	157	81	25	69	70	10	5	43	5	5	0.3	0.3	0.6	0.5	0.5
300	7	7	470	159	76	19	143	151	72	46	53	23	8	4	84	5	5	0.3	0.3	0.6	0.5	0.5
300	7	7	471	202	8	3	153	168	79	31	57	8	11	3	93	5	5	0.3	0.3	0.6	0.5	0.5
300	7	7	472	213	10	0	155	144	73	30	75	9	7	2	77	5	5	0.3	0.3	0.6	0.5	0.5
300	7	7	473	91	185	28	153	155	84	43	35	72	10	8	52	5	5	0.3	0.3	0.6	0.5	0.5
300	7	7	474	194	64	29	169	158	93	32	73	19	8	13	71	5	5	0.3	0.3	0.6	0.5	0.5
300	7	7	475	110	181	51	153	150	81	25	50	89	6	6	60	5	5	0.3	0.3	0.6	0.5	0.5
300	7	7	476	79	194	45	161	156	88	28	29	78	12	9	72	5	5	0.3	0.3	0.6	0.5	0.5
300	7	7	477	65	210	38	154	160	77	33	21	88	10	12	63	5	5	0.3	0.3	0.6	0.5	0.5
300	7	7	478	13	226	3	137	158	72	28	7	92	1	10	64	5	5	0.3	0.3	0.6	0.5	0.5
300	7	7	479	50	208	18	157	151	83	35	25	55	7	15	60	5	5	0.3	0.3	0.6	0.5	0.5
400	2	1	480	377	399	376	211	212	119	23	308	353	3	3	0	5	5	0.3	0.3	0.6	0.5	0.5
400	2	1	481	373	390	363	201	203	110	21	300	336	4	3	0	5	5	0.3	0.3	0.6	0.5	0.5
400	2	1	482	395	378	373	215	202	122	25	357	299	3	3	0	5	5	0.3	0.3	0.6	0.5	0.5
400	2	1	483	397	374	371	201	198	96	23	359	333	3	4	0	5	5	0.3	0.3	0.6	0.5	0.5
400	2	1	484	392	376	368	202	205	104	27	337	310	4	4	0	5	5	0.3	0.3	0.6	0.5	0.5
400	2	1	485	395	370	365	214	206	111	24	360	326	3	4	0	5	5	0.3	0.3	0.6	0.5	0.5
400	2	1	486	391	377	368	206	201	113	23	339	331	3	4	0	5	5	0.3	0.3	0.6	0.5	0.5
400	2	1	487	361	399	360	184	193	79	28	321	347	4	3	0	5	5	0.3	0.3	0.6	0.5	0.5
400	2	1	488	389	397	386	204	199	103	26	334	351	3	3	0	5	5	0.3	0.3	0.6	0.5	0.5
400	2	1	489	387	388	375	200	203	100	26	328	312	4	4	0	5	5	0.3	0.3	0.6	0.5	0.5
400	2	3	490	384	397	381	199	220	102	28	340	344	3	3	0	5	5	0.3	0.3	0.6	0.5	0.5
400	2	3	491	386	389	375	192	204	92	21	327	322	3	3	0	5	5	0.3	0.3	0.6	0.5	0.5
400	2	3	492	395	382	377	210	193	99	25	324	329	3	4	0	5	5	0.3	0.3	0.6	0.5	0.5
400	2	3	493	393	390	383	182	215	99	26	343	337	3	3	0	5	5	0.3	0.3	0.6	0.5	0.5
400	2	3	494	395	389	384	200	204	101	22	360	357	3	3	0	5	5	0.3	0.3	0.6	0.5	0.5
400	2	3	495	319	399	318	193	207	103	22	227	354	5	3	0	5	5	0.3	0.3	0.6	0.5	0.5
400	2	3	496	391	395	386	188	207	100	23	341	352	3	3	0	5	5	0.3	0.3	0.6	0.5	0.5
400	2	3	497	393	376	369	191	207	96	26	334	299	3	4	0	5	5	0.3	0.3	0.6	0.5	0.5
400	2	3	498	399	366	365	215	199	107	26	357	328	3	4	0	5	5	0.3	0.3	0.6	0.5	0.5
400	2	3	499	387	386	373	212	228	127	25	331	324	3	4	0	5	5	0.3	0.3	0.6	0.5	0.5
400	2	5	500	394	378	372	206	202	110	28	340	313	3	3	0	5	5	0.3	0.3	0.6	0.5	0.5
400	2	5	501	397	382	379	191	198	106	26	329	315	3	3	0	5	5	0.3	0.3	0.6	0.5	0.5
400	2	5	502	327	397	324	197	198	101	21	261	331	4	2	0	5	5	0.3	0.3	0.6	0.5	0.5
400	2	5	503	398	382	380	193	205	101	20	353	324	3	4	0	5	5	0.3	0.3	0.6	0.5	0.5
400	2	5	504	375	394	369	211	197	102	22	316	344	4	3	0	5	5	0.3	0.3	0.6	0.5	0.5
400	2	5	505	387	391	378	209	197	93	23	331	325	4	4	0	5	5	0.3	0.3	0.6	0.5	0.5
400	2	5	506	387	384	371	198	210	95	25	341	309	3	4	0	5	5	0.3	0.3	0.6	0.5	0.5
400	2	5	507	389	387	376	201	205	99	24	341	330	3	3	0	5	5	0.3	0.3	0.6	0.5	0.5
400	2	5	508	392	395	387	207	201	95	31	353	321	3	3	0	5	5	0.3	0.3	0.6	0.5	0.5
400	2	5	509	395	357	352	191	203	105	27	331	285	3	4	0	5	5	0.3	0.3	0.6	0.5	0.5
400	2	7	510	373	399	372	220	199	110	23	309	348	4	3	0	5	5	0.3	0.3	0.6	0.5	0.5
400	2	7	511	349	397	346	182	207	93	25	280	328	4	3	0	5	5	0.3	0.3	0.6	0.5	0.5
400	2	7	512	400	395	395	191	202	92	22	356	354	3	3	0	5	5	0.3	0.3	0.6	0.5	0.5
400	2	7	513	379	377	356	208	209	113	28	315	325	3	3	0	5	5	0.3	0.3	0.6	0.5	0.5
400	2	7	514	364	394	358	196	202	94	20	298	340	4	3	0	5	5	0.3	0.3	0.6	0.5	0.5
400	2	7	515	392	390	382	197	199	91	20	336	341	3	3	0	5	5	0.3	0.3	0.6	0.5	0.5
400	2	7	516	395	386	381	206	200	99	23	331	340	3	3	0	5	5	0.3	0.3	0.6	0.5	0.5
400	2	7	517	399	393	392	203	210	101	20	367	345	3	3	0	5	5	0.3	0.3	0.6	0.5	0.5
400	2	7	518	398	369	367	209	211	107	30	353	319	2	4	0	5	5	0.3	0.3	0.6	0.5	0.5
400	2	7	519	385	395	380	197	206	101	23	334	350	3	3	0	5	5	0.3	0.3	0.6	0.5	0.5
400	3	1	520	374	337	312	202	198	105	27	269	251	4	5	1	5	5	0.3	0.3	0.6	0.5	0.5
400	3	1	521	377	371	349	202	198	99	38	265	274	5	4	1	5	5	0.3	0.3	0.6	0.5	0.5
400	3	1	522	387	367	354	213	222	115	23	312	298	3	4	0	5	5	0.3	0.3	0.6	0.5	0.5
400	3	1	523	379	353	333	195	209	97	22	288	273	4	4	1	5	5	0.3	0.3	0.6	0.5	0.5
400	3	1	524	384	375	359	209	197	107	29	306	287	4	4	0	5	5	0.3	0.3	0.6	0.5	0.5
400	3	1	525	387	271	258	221	205	114	23	313	191	4	6	0	5	5	0.3	0.3	0.6	0.5	0.5
400	3	1	526	368	345	313	209	202	103	29	259	257	5	5	0	5	5	0.3	0.3	0.6	0.5	0.5
400	3	1	527	388	358	347	212	211	113	33	305	280	4	5	1	5	5	0.3	0.3	0.6	0.5	0.5
400	3	1	528	368	379	348	197	208	111	28	288	296	5	4	1	5	5	0.3	0.3	0.6	0.5	0.5
400	3	1	529	372	370	342	203	214	117	21	300	269	4	5	0	5	5	0.3	0.3	0.6	0.5	0.5
400	3	3	530	334	377	313	210	209	110	21	239	296	5	4	2	5	5	0.3	0.3	0.6	0.5	0.5
400	3	3	531	383	356	339	188	207	106	24	295	254	5	5	0	5	5	0.3	0.3	0.6	0.5	0.5
400	3	3	532	355	358	313	193	195	90	26	241	273	5	4	0	5	5	0.3	0.3	0.6	0.5	0.5
400	3	3	533	369	362	331	202	212	115	28	245	289	5	5	0	5	5	0.3	0.3	0.6	0.5	0.5
400	3	3	534	373	367	340	219	204	116	25	282	260	5	5	0	5	5	0.3	0.3	0.6	0.5	0.5
400	3	3	535	351	388	339	199	216	99	27	260	293	5	4	0	5	5	0.3	0.3	0.6	0.5	0.5
400	3	3	536	380	374	354	202	202	106	24	310	292	4	4	0	5	5	0.3	0.3	0.6	0.5	0.5
400	3	3	537	393	370	363	213	206	106	23	285	271	5	5	0	5	5	0.3	0.3	0.6	0.5	0.5
400	3	3	538	385	361	346	211	200	106	35	312	282	4	4	0	5	5	0.3	0.3	0.6	0.5	0.5
400	3	3	539	347	376	324	199	204	109	22	247	267	4	4	1	5	5	0.3	0.3	0.6	0.5	0.5
400	3	5	540	366	348	314	188	186	91	20	263	223	5	5	0	5	5	0.3	0.3	0.6	0.5	0.5
400	3	5	541	359	361	321	221	196	105	26	261	247	5	5	1	5	5	0.3	0.3	0.6	0.5	0.5
400	3	5	542	393	349	342	208	207	107	22	298	262	4	5	0	5	5	0.3	0.3	0.6	0.5	0.5
400	3	5	543	396	275	271	202	224	108	25	311	184	4	6	0	5	5	0.3	0.3	0.6	0.5	0.5
400	3	5	544	375	351	326	197	191	89	28	263	249	4	5	0	5	5	0.3	0.3	0.6	0.5	0.5
400	3	5	545	388	329	319	211	181	95	22	291	219	4	5	2	5	5	0.3	0.3	0.6	0.5	0.5
400	3	5	546	375	358	333	214	198	113	20	283	276	3	4	0	5	5	0.3	0.3	0.6	0.5	0.5
400	3	5	547	365	375	340	201	193	91	23	281	279	4	4	0	5	5	0.3	0.3	0.6	0.5	0.5
400	3	5	548	376	371	347	205	199	105	26	289	280	4	4	0	5	5	0.3	0.3	0.6	0.5	0.5
400	3	5	549	351	389	340	201	200	97	29	268	295	5	3	0	5	5	0.3	0.3	0.6	0.5	0.5
400	3	7	550	332	383	315	197	217	103	24	252	306	5	4	0	5	5	0.3	0.3	0.6	0.5	0.5
400	3	7	551	382	346	328	202	203	103	27	294	249	4	4	0	5	5	0.3	0.3	0.6	0.5	0.5
400	3	7	552	339	351	292	196	202	101	27	218	268	5	4	2	5	5	0.3	0.3	0.6	0.5	0.5
400	3	7	553	385	359	344	208	191	106	25	307	231	4	5	0	5	5	0.3	0.3	0.6	0.5	0.5
400	3	7	554	378	370	350	205	194	99	23	293	290	4	4	2	5	5	0.3	0.3	0.6	0.5	0.5
400	3	7	555	383	336	320	207	183	100	25	284	256	4	5	1	5	5	0.3	0.3	0.6	0.5	0.5
400	3	7	556	345	376	321	215	203	110	29	260	275	5	5	0	5	5	0.3	0.3	0.6	0.5	0.5
400	3	7	557	379	374	353	202	205	99	28	291	302	4	4	0	5	5	0.3	0.3	0.6	0.5	0.5
400	3	7	558	332	380	312	211	180	90	28	229	282	6	5	0	5	5	0.3	0.3	0.6	0.5	0.5
400	3	7	559	381	368	350	195	195	91	23	309	296	3	3	1	5	5	0.3	0.3	0.6	0.5	0.5
400	5	1	560	351	305	263	212	210	109	28	220	209	5	6	7	5	5	0.3	0.3	0.6	0.5	0.5
400	5	1	561	336	321	259	229	192	116	27	209	201	6	6	2	5	5	0.3	0.3	0.6	0.5	0.5
400	5	1	562	302	324	234	201	182	97	22	175	197	6	6	8	5	5	0.3	0.3	0.6	0.5	0.5
400	5	1	563	339	330	274	227	208	120	31	221	217	6	6	5	5	5	0.3	0.3	0.6	0.5	0.5
400	5	1	564	320	320	242	201	204	104	32	181	192	7	6	2	5	5	0.3	0.3	0.6	0.5	0.5
400	5	1	565	288	332	227	189	217	104	28	151	198	7	6	7	5	5	0.3	0.3	0.6	0.5	0.5
400	5	1	566	371	145	129	197	205	106	22	219	69	7	10	13	5	5	0.3	0.3	0.6	0.5	0.5
400	5	1	567	312	321	243	195	211	106	23	195	178	6	7	10	5	5	0.3	0.3	0.6	0.5	0.5
400	5	1	568	356	301	259	211	219	122	34	240	183	6	7	2	5	5	0.3	0.3	0.6	0.5	0.5
400	5	1	569	352	215	177	195	219	109	28	166	117	8	9	10	5	5	0.3	0.3	0.6	0.5	0.5
400	5	3	570	331	341	274	198	210	109	28	215	208	5	6	2	5	5	0.3	0.3	0.6	0.5	0.5
400	5	3	571	283	340	232	188	203	97	23	167	197	6	6	9	5	5	0.3	0.3	0.6	0.5	0.5
400	5	3	572	344	298	245	195	187	82	31	218	189	6	7	3	5	5	0.3	0.3	0.6	0.5	0.5
400	5	3	573	361	7	2	190	207	94	25	205	5	6	1	34	5	5	0.3	0.3	0.6	0.5	0.5
400	5	3	574	283	312	201	198	204	97	30	155	146	8	7	6	5	5	0.3	0.3	0.6	0.5	0.5
400	5	3	575	155	370	134	207	197	109	26	76	191	9	7	9	5	5	0.3	0.3	0.6	0.5	0.5
400	5	3	576	300	305	208	189	208	100	24	165	171	9	9	3	5	5	0.3	0.3	0.6	0.5	0.5
400	5	3	577	299	325	229	188	207	97	25	175	197	7	7	5	5	5	0.3	0.3	0.6	0.5	0.5
400	5	3	578	342	267	217	210	192	97	23	185	172	6	6	8	5	5	0.3	0.3	0.6	0.5	0.5
400	5	3	579	266	350	222	198	193	90	28	157	190	8	7	6	5	5	0.3	0.3	0.6	0.5	0.5
400	5	5	580	329	283	221	195	207	105	25	206	182	5	6	9	5	5	0.3	0.3	0.6	0.5	0.5
400	5	5	581	322	322	249	201	208	99	23	204	198	6	5	5	5	5	0.3	0.3	0.6	0.5	0.5
400	5	5	582	247	329	188	187	184	89	27	133	164	8	7	12	5	5	0.3	0.3	0.6	0.5	0.5
400	5	5	583	279	328	216	217	197	108	25	137	184	8	7	9	5	5	0.3	0.3	0.6	0.5	0.5
400	5	5	584	351	257	216	201	205	103	25	197	174	6	7	8	5	5	0.3	0.3	0.6	0.5	0.5
400	5	5	585	326	321	252	213	194	104	27	176	195	7	6	5	5	5	0.3	0.3	0.6	0.5	0.5
400	5	5	586	353	164	132	200	179	96	37	192	84	5	8	15	5	5	0.3	0.3	0.6	0.5	0.5
400	5	5	587	297	321	230	193	203	103	25	155	193	5	6	12	5	5	0.3	0.3	0.6	0.5	0.5
400	5	5	588	328	290	224	199	197	97	23	204	162	6	7	6	5	5	0.3	0.3	0.6	0.5	0.5
400	5	5	589	275	320	201	203	190	90	26	158	203	6	6	6	5	5	0.3	0.3	0.6	0.5	0.5
400	5	7	590	306	315	230	204	198	99	30	176	174	7	7	9	5	5	0.3	0.3	0.6	0.5	0.5
400	5	7	591	206	367	181	195	203	103	38	125	238	8	6	8	5	5	0.3	0.3	0.6	0.5	0.5
400	5	7	592	271	332	209	200	175	92	27	143	191	7	6	6	5	5	0.3	0.3	0.6	0.5	0.5
400	5	7	593	285	348	241	191	217	106	24	180	209	6	5	8	5	5	0.3	0.3	0.6	0.5	0.5
400	5	7	594	341	306	254	197	201	99	23	202	181	6	6	7	5	5	0.3	0.3	0.6	0.5	0.5
400	5	7	595	330	346	281	217	203	116	25	201	211	6	5	5	5	5	0.3	0.3	0.6	0.5	0.5
400	5	7	596	221	352	179	199	206	95	31	124	229	7	6	6	5	5	0.3	0.3	0.6	0.5	0.5
400	5	7	597	329	351	282	198	212	96	25	203	209	6	5	2	5	5	0.3	0.3	0.6	0.5	0.5
400	5	7	598	298	357	262	194	212	103	24	190	241	7	6	7	5	5	0.3	0.3	0.6	0.5	0.5
400	5	7	599	368	112	92	194	213	104	36	221	58	5	8	12	5	5	0.3	0.3	0.6	0.5	0.5
400	7	1	600	317	226	167	207	185	94	28	172	102	7	8	24	5	5	0.3	0.3	0.6	0.5	0.5
400	7	1	601	298	222	148	200	200	91	26	136	93	7	7	28	5	5	0.3	0.3	0.6	0.5	0.5
400	7	1	602	146	320	95	205	202	101	40	60	129	10	9	29	5	5	0.3	0.3	0.6	0.5	0.5
400	7	1	603	277	170	85	170	197	89	36	112	73	9	10	38	5	5	0.3	0.3	0.6	0.5	0.5
400	7	1	604	275	236	137	195	221	107	28	143	111	8	9	26	5	5	0.3	0.3	0.6	0.5	0.5
400	7	1	605	342	57	35	225	189	103	23	148	21	8	6	36	5	5	0.3	0.3	0.6	0.5	0.5
400	7	1	606	210	281	119	210	202	110	30	114	132	7	8	28	5	5	0.3	0.3	0.6	0.5	0.5
400	7	1	607	68	316	36	200	198	100	47	20	120	16	12	52	5	5	0.3	0.3	0.6	0.5	0.5
400	7	1	608	97	330	70	203	198	107	34	45	152	9	8	43	5	5	0.3	0.3	0.6	0.5	0.5
400	7	1	609	289	283	199	202	212	113	31	132	128	8	9	27	5	5	0.3	0.3	0.6	0.5	0.5
400	7	3	610	292	249	170	217	194	107	28	159	128	7	7	29	5	5	0.3	0.3	0.6	0.5	0.5
400	7	3	611	341	167	130	203	194	103	27	148	76	9	12	22	5	5	0.3	0.3	0.6	0.5	0.5
400	7	3	612	144	320	92	188	201	84	29	58	149	11	9	28	5	5	0.3	0.3	0.6	0.5	0.5
400	7	3	613	184	325	135	191	188	79	35	90	165	8	6	26	5	5	0.3	0.3	0.6	0.5	0.5
400	7	3	614	291	236	157	194	193	103	24	132	115	7	7	30	5	5	0.3	0.3	0.6	0.5	0.5
400	7	3	615	215	290	135	200	191	99	37	93	133	9	10	30	5	5	0.3	0.3	0.6	0.5	0.5
400	7	3	616	314	226	160	217	212	110	29	165	123	7	8	20	5	5	0.3	0.3	0.6	0.5	0.5
400	7	3	617	236	242	111	215	198	107	28	100	108	9	8	33	5	5	0.3	0.3	0.6	0.5	0.5
400	7	3	618	248	256	136	202	207	105	28	104	121	8	9	32	5	5	0.3	0.3	0.6	0.5	0.5
400	7	3	619	255	269	148	212	209	115	27	105	127	8	8	24	5	5	0.3	0.3	0.6	0.5	0.5
400	7	5	620	275	222	131	198	193	99	32	142	116	8	8	34	5	5	0.3	0.3	0.6	0.5	0.5
400	7	5	621	232	280	135	179	211	94	24	112	139	7	7	23	5	5	0.3	0.3	0.6	0.5	0.5
400	7	5	622	285	296	195	217	207	108	24	144	165	7	8	14	5	5	0.3	0.3	0.6	0.5	0.5
400	7	5	623	133	354	111	194	228	106	28	58	203	8	6	24	5	5	0.3	0.3	0.6	0.5	0.5
400	7	5	624	130	320	84	202	215	98	33	59	162	9	8	34	5	5	0.3	0.3	0.6	0.5	0.5
400	7	5	625	183	291	108	202	190	95	29	92	149	8	7	34	5	5	0.3	0.3	0.6	0.5	0.5
400	7	5	626	181	299	113	192	197	96	27	86	157	8	7	33	5	5	0.3	0.3	0.6	0.5	0.5
400	7	5	627	201	325	140	204	217	114	25	100	166	8	9	14	5	5	0.3	0.3	0.6	0.5	0.5
400	7	5	628	168	305	108	194	204	106	30	81	154	9	8	35	5	5	0.3	0.3	0.6	0.5	0.5
400	7	5	629	275	241	141	206	205	110	25	127	96	7	7	25	5	5	0.3	0.3	0.6	0.5	0.5
400	7	7	630	297	202	130	204	197	95	34	168	90	6	8	31	5	5	0.3	0.3	0.6	0.5	0.5
400	7	7	631	287	258	173	207	195	107	31	137	118	8	7	28	5	5	0.3	0.3	0.6	0.5	0.5
400	7	7	632	251	281	155	225	205	113	29	135	126	10	10	23	5	5	0.3	0.3	0.6	0.5	0.5
400	7	7	633	234	322	175	198	205	98	32	108	150	9	7	19	5	5	0.3	0.3	0.6	0.5	0.5
400	7	7	634	265	295	180	205	196	99	32	142	156	8	8	20	5	5	0.3	0.3	0.6	0.5	0.5
400	7	7	635	88	319	65	199	215	108	26	39	149	11	8	58	5	5	0.3	0.3	0.6	0.5	0.5
400	7	7	636	196	315	135	190	203	93	33	76	150	8	8	24	5	5	0.3	0.3	0.6	0.5	0.5
400	7	7	637	228	305	156	214	190	110	34	96	153	7	7	23	5	5	0.3	0.3	0.6	0.5	0.5
400	7	7	638	342	186	148	202	196	107	28	199	93	6	8	20	5	5	0.3	0.3	0.6	0.5	0.5
400	7	7	639	238	281	146	190	203	110	27	104	141	8	7	27	5	5	0.3	0.3	0.6	0.5	0.5
500	2	1	640	469	495	464	255	237	130	24	409	441	3	3	0	5	5	0.3	0.3	0.6	0.5	0.5
500	2	1	641	481	490	471	255	250	127	25	413	450	4	3	0	5	5	0.3	0.3	0.6	0.5	0.5
500	2	1	642	487	497	484	254	262	133	20	454	439	3	3	0	5	5	0.3	0.3	0.6	0.5	0.5
500	2	1	643	492	496	488	258	259	137	23	451	452	3	3	0	5	5	0.3	0.3	0.6	0.5	0.5
500	2	1	644	483	499	482	254	260	133	20	442	432	3	2	0	5	5	0.3	0.3	0.6	0.5	0.5
500	2	1	645	495	494	489	267	237	124	26	437	434	3	3	0	5	5	0.3	0.3	0.6	0.5	0.5
500	2	1	646	483	496	479	258	276	134	26	436	437	3	3	0	5	5	0.3	0.3	0.6	0.5	0.5
500	2	1	647	500	468	468	229	254	122	22	446	400	2	4	0	5	5	0.3	0.3	0.6	0.5	0.5
500	2	1	648	496	479	475	252	239	113	22	435	429	3	3	0	5	5	0.3	0.3	0.6	0.5	0.5
500	2	1	649	496	489	485	246	253	121	21	447	433	2	3	0	5	5	0.3	0.3	0.6	0.5	0.5
500	2	3	650	498	487	485	235	248	108	29	433	448	3	3	0	5	5	0.3	0.3	0.6	0.5	0.5
500	2	3	651	499	466	465	264	264	137	28	466	405	2	3	0	5	5	0.3	0.3	0.6	0.5	0.5
500	2	3	652	473	498	471	247	244	121	23	422	442	4	3	0	5	5	0.3	0.3	0.6	0.5	0.5
500	2	3	653	478	497	475	256	266	134	28	393	444	3	3	0	5	5	0.3	0.3	0.6	0.5	0.5
500	2	3	654	493	496	489	245	259	135	25	434	447	3	3	0	5	5	0.3	0.3	0.6	0.5	0.5
500	2	3	655	499	477	476	254	253	122	28	452	442	2	3	0	5	5	0.3	0.3	0.6	0.5	0.5
500	2	3	656	496	495	491	246	252	124	21	452	436	2	2	0	5	5	0.3	0.3	0.6	0.5	0.5
500	2	3	657	402	499	401	239	259	128	31	338	438	5	2	0	5	5	0.3	0.3	0.6	0.5	0.5
500	2	3	658	457	500	457	247	247	132	27	392	457	4	2	0	5	5	0.3	0.3	0.6	0.5	0.5
500	2	3	659	499	492	491	256	242	125	24	428	463	3	3	0	5	5	0.3	0.3	0.6	0.5	0.5
500	2	5	660	498	489	487	241	248	122	27	443	451	2	3	0	5	5	0.3	0.3	0.6	0.5	0.5
500	2	5	661	488	499	487	240	268	131	24	438	438	3	2	0	5	5	0.3	0.3	0.6	0.5	0.5
500	2	5	662	493	497	490	253	264	128	21	458	461	3	3	0	5	5	0.3	0.3	0.6	0.5	0.5
500	2	5	663	500	490	490	248	271	136	22	430	441	2	3	0	5	5	0.3	0.3	0.6	0.5	0.5
500	2	5	664	490	498	488	254	266	131	23	440	445	3	2	0	5	5	0.3	0.3	0.6	0.5	0.5
500	2	5	665	485	496	481	260	239	126	24	454	443	3	3	0	5	5	0.3	0.3	0.6	0.5	0.5
500	2	5	666	491	498	489	246	241	117	31	442	440	3	3	0	5	5	0.3	0.3	0.6	0.5	0.5
500	2	5	667	470	500	470	267	258	142	22	442	439	3	2	0	5	5	0.3	0.3	0.6	0.5	0.5
500	2	5	668	498	473	471	257	235	120	23	440	430	2	3	0	5	5	0.3	0.3	0.6	0.5	0.5
500	2	5	669	497	495	492	255	261	128	20	444	431	3	3	0	5	5	0.3	0.3	0.6	0.5	0.5
500	2	7	670	488	495	483	252	244	119	22	451	443	3	3	0	5	5	0.3	0.3	0.6	0.5	0.5
500	2	7	671	496	487	483	253	242	128	25	448	424	3	3	0	5	5	0.3	0.3	0.6	0.5	0.5
500	2	7	672	498	497	495	250	270	141	27	450	469	3	3	0	5	5	0.3	0.3	0.6	0.5	0.5
500	2	7	673	493	488	481	249	258	122	20	427	434	3	3	0	5	5	0.3	0.3	0.6	0.5	0.5
500	2	7	674	478	497	475	263	270	135	21	438	446	4	3	0	5	5	0.3	0.3	0.6	0.5	0.5
500	2	7	675	483	495	478	267	251	126	29	443	433	3	2	0	5	5	0.3	0.3	0.6	0.5	0.5
500	2	7	676	494	495	489	260	262	141	29	457	454	3	3	0	5	5	0.3	0.3	0.6	0.5	0.5
500	2	7	677	498	477	475	244	250	118	24	446	409	3	4	0	5	5	0.3	0.3	0.6	0.5	0.5
500	2	7	678	487	498	485	242	269	141	20	406	451	3	3	0	5	5	0.3	0.3	0.6	0.5	0.5
500	2	7	679	472	500	472	240	264	121	25	412	434	3	3	0	5	5	0.3	0.3	0.6	0.5	0.5
500	3	1	680	472	495	467	248	261	130	22	391	420	4	3	0	5	5	0.3	0.3	0.6	0.5	0.5
500	3	1	681	474	485	459	256	253	130	22	404	420	4	4	0	5	5	0.3	0.3	0.6	0.5	0.5
500	3	1	682	423	499	422	233	277	125	28	333	441	4	3	0	5	5	0.3	0.3	0.6	0.5	0.5
500	3	1	683	476	490	467	249	256	132	28	386	388	4	4	1	5	5	0.3	0.3	0.6	0.5	0.5
500	3	1	684	495	387	382	260	246	134	25	425	285	3	5	0	5	5	0.3	0.3	0.6	0.5	0.5
500	3	1	685	497	469	467	281	241	140	22	430	391	3	4	1	5	5	0.3	0.3	0.6	0.5	0.5
500	3	1	686	480	482	462	235	277	124	33	383	406	4	4	0	5	5	0.3	0.3	0.6	0.5	0.5
500	3	1	687	486	494	480	281	262	142	26	404	418	4	3	0	5	5	0.3	0.3	0.6	0.5	0.5
500	3	1	688	432	496	428	226	268	120	21	327	411	4	3	0	5	5	0.3	0.3	0.6	0.5	0.5
500	3	1	689	488	480	468	260	256	132	26	414	401	4	4	0	5	5	0.3	0.3	0.6	0.5	0.5
500	3	3	690	469	479	448	268	245	131	29	397	397	4	4	0	5	5	0.3	0.3	0.6	0.5	0.5
500	3	3	691	473	459	432	246	248	133	24	374	385	4	4	0	5	5	0.3	0.3	0.6	0.5	0.5
500	3	3	692	461	491	452	276	249	139	28	396	393	4	4	0	5	5	0.3	0.3	0.6	0.5	0.5
500	3	3	693	487	475	462	266	271	150	28	393	398	3	3	0	5	5	0.3	0.3	0.6	0.5	0.5
500	3	3	694	420	494	414	245	269	125	36	336	410	5	3	0	5	5	0.3	0.3	0.6	0.5	0.5
500	3	3	695	465	492	457	234	257	123	24	356	410	5	4	0	5	5	0.3	0.3	0.6	0.5	0.5
500	3	3	696	484	465	449	251	252	123	29	367	390	4	4	0	5	5	0.3	0.3	0.6	0.5	0.5
500	3	3	697	450	495	445	246	272	132	22	367	424	4	3	0	5	5	0.3	0.3	0.6	0.5	0.5
500	3	3	698	470	448	418	256	243	116	24	384	341	4	5	0	5	5	0.3	0.3	0.6	0.5	0.5
500	3	3	699	496	450	446	254	253	130	30	424	364	3	4	0	5	5	0.3	0.3	0.6	0.5	0.5
500	3	5	700	483	487	470	268	258	130	31	414	406	3	3	0	5	5	0.3	0.3	0.6	0.5	0.5
500	3	5	701	483	483	466	251	223	111	22	411	357	4	4	0	5	5	0.3	0.3	0.6	0.5	0.5
500	3	5	702	480	447	427	259	232	114	25	367	352	4	5	0	5	5	0.3	0.3	0.6	0.5	0.5
500	3	5	703	481	485	466	265	253	128	25	401	400	4	4	0	5	5	0.3	0.3	0.6	0.5	0.5
500	3	5	704	482	491	473	273	263	144	22	411	408	4	4	0	5	5	0.3	0.3	0.6	0.5	0.5
500	3	5	705	492	465	457	253	256	137	21	419	378	3	4	0	5	5	0.3	0.3	0.6	0.5	0.5
500	3	5	706	496	416	412	255	260	146	24	416	334	3	4	0	5	5	0.3	0.3	0.6	0.5	0.5
500	3	5	707	491	477	468	249	250	121	26	372	389	4	4	0	5	5	0.3	0.3	0.6	0.5	0.5
500	3	5	708	440	493	433	254	260	126	27	360	413	4	3	0	5	5	0.3	0.3	0.6	0.5	0.5
500	3	5	709	475	491	466	244	247	118	34	391	397	3	3	0	5	5	0.3	0.3	0.6	0.5	0.5
500	3	7	710	484	490	474	238	254	121	27	394	392	4	4	0	5	5	0.3	0.3	0.6	0.5	0.5
500	3	7	711	496	451	447	265	248	130	30	411	366	4	5	0	5	5	0.3	0.3	0.6	0.5	0.5
500	3	7	712	384	497	381	237	262	121	23	302	431	4	3	0	5	5	0.3	0.3	0.6	0.5	0.5
500	3	7	713	462	491	453	250	252	125	30	370	402	4	3	0	5	5	0.3	0.3	0.6	0.5	0.5
500	3	7	714	474	489	463	237	258	131	23	394	398	4	4	0	5	5	0.3	0.3	0.6	0.5	0.5
500	3	7	715	438	494	432	247	266	120	21	343	413	4	3	0	5	5	0.3	0.3	0.6	0.5	0.5
500	3	7	716	493	460	453	242	258	117	22	399	363	4	5	0	5	5	0.3	0.3	0.6	0.5	0.5
500	3	7	717	493	415	408	247	234	118	23	415	308	3	5	0	5	5	0.3	0.3	0.6	0.5	0.5
500	3	7	718	479	486	465	253	246	131	36	401	396	4	4	0	5	5	0.3	0.3	0.6	0.5	0.5
500	3	7	719	472	492	464	236	268	129	25	385	434	4	3	0	5	5	0.3	0.3	0.6	0.5	0.5
500	5	1	720	461	446	409	253	252	132	23	320	310	5	5	2	5	5	0.3	0.3	0.6	0.5	0.5
500	5	1	721	405	446	352	226	242	115	23	248	302	7	5	1	5	5	0.3	0.3	0.6	0.5	0.5
500	5	1	722	440	467	408	266	256	136	25	322	324	6	6	1	5	5	0.3	0.3	0.6	0.5	0.5
500	5	1	723	435	412	349	269	246	127	27	281	264	7	7	2	5	5	0.3	0.3	0.6	0.5	0.5
500	5	1	724	469	410	381	243	253	116	26	333	291	5	5	2	5	5	0.3	0.3	0.6	0.5	0.5
500	5	1	725	462	397	359	273	238	129	27	322	270	5	6	0	5	5	0.3	0.3	0.6	0.5	0.5
500	5	1	726	446	347	297	233	245	115	28	245	198	6	8	4	5	5	0.3	0.3	0.6	0.5	0.5
500	5	1	727	447	433	380	240	266	127	28	289	315	5	5	0	5	5	0.3	0.3	0.6	0.5	0.5
500	5	1	728	433	440	374	264	257	129	25	305	296	6	6	1	5	5	0.3	0.3	0.6	0.5	0.5
500	5	1	729	370	474	347	260	255	133	25	240	310	7	6	3	5	5	0.3	0.3	0.6	0.5	0.5
500	5	3	730	399	456	357	248	241	121	31	276	312	5	5	2	5	5	0.3	0.3	0.6	0.5	0.5
500	5	3	731	437	451	389	258	245	125	30	317	310	6	6	1	5	5	0.3	0.3	0.6	0.5	0.5
500	5	3	732	439	418	361	238	239	120	40	282	282	6	6	4	5	5	0.3	0.3	0.6	0.5	0.5
500	5	3	733	434	459	395	240	252	121	25	304	320	6	6	2	5	5	0.3	0.3	0.6	0.5	0.5
500	5	3	734	474	159	141	252	233	122	26	298	82	6	8	8	5	5	0.3	0.3	0.6	0.5	0.5
500	5	3	735	438	457	395	249	246	126	28	295	337	6	5	0	5	5	0.3	0.3	0.6	0.5	0.5
500	5	3	736	460	388	350	257	262	131	34	314	260	6	7	2	5	5	0.3	0.3	0.6	0.5	0.5
500	5	3	737	446	377	324	264	256	131	27	268	247	6	7	1	5	5	0.3	0.3	0.6	0.5	0.5
500	5	3	738	403	448	356	234	257	111	37	272	300	5	4	5	5	5	0.3	0.3	0.6	0.5	0.5
500	5	3	739	415	471	387	249	260	120	25	263	349	4	4	1	5	5	0.3	0.3	0.6	0.5	0.5
500	5	5	740	301	477	280	247	237	105	28	182	306	7	5	2	5	5	0.3	0.3	0.6	0.5	0.5
500	5	5	741	458	401	359	255	250	122	27	313	295	4	5	0	5	5	0.3	0.3	0.6	0.5	0.5
500	5	5	742	437	438	376	269	249	130	26	295	279	7	7	1	5	5	0.3	0.3	0.6	0.5	0.5
500	5	5	743	446	425	372	246	268	128	27	289	299	6	6	1	5	5	0.3	0.3	0.6	0.5	0.5
500	5	5	744	439	427	368	254	229	114	24	301	263	6	6	2	5	5	0.3	0.3	0.6	0.5	0.5
500	5	5	745	458	393	353	253	257	126	30	303	257	6	6	2	5	5	0.3	0.3	0.6	0.5	0.5
500	5	5	746	459	432	393	255	249	124	28	333	307	4	5	2	5	5	0.3	0.3	0.6	0.5	0.5
500	5	5	747	458	404	363	256	244	125	31	313	290	5	6	1	5	5	0.3	0.3	0.6	0.5	0.5
500	5	5	748	441	457	398	260	246	130	25	318	321	6	6	0	5	5	0.3	0.3	0.6	0.5	0.5
500	5	5	749	400	475	377	249	261	118	32	292	329	6	5	2	5	5	0.3	0.3	0.6	0.5	0.5
500	5	7	750	407	455	364	226	250	114	26	269	300	6	5	2	5	5	0.3	0.3	0.6	0.5	0.5
500	5	7	751	468	396	365	245	248	119	27	315	288	5	6	1	5	5	0.3	0.3	0.6	0.5	0.5
500	5	7	752	426	432	360	249	254	137	23	287	299	5	6	2	5	5	0.3	0.3	0.6	0.5	0.5
500	5	7	753	470	432	403	278	255	140	23	358	302	4	4	1	5	5	0.3	0.3	0.6	0.5	0.5
500	5	7	754	428	400	333	232	258	122	24	274	273	6	7	5	5	5	0.3	0.3	0.6	0.5	0.5
500	5	7	755	395	465	362	249	265	126	32	239	335	6	5	2	5	5	0.3	0.3	0.6	0.5	0.5
500	5	7	756	443	415	360	247	250	126	25	264	278	5	5	2	5	5	0.3	0.3	0.6	0.5	0.5
500	5	7	757	461	355	321	258	248	124	32	281	249	5	6	5	5	5	0.3	0.3	0.6	0.5	0.5
500	5	7	758	409	440	353	243	247	122	25	260	282	6	6	4	5	5	0.3	0.3	0.6	0.5	0.5
500	5	7	759	440	445	386	249	254	126	38	309	312	5	6	1	5	5	0.3	0.3	0.6	0.5	0.5
500	7	1	760	393	360	265	237	248	103	30	247	186	6	6	12	5	5	0.3	0.3	0.6	0.5	0.5
500	7	1	761	442	225	189	244	245	126	29	252	105	7	9	22	5	5	0.3	0.3	0.6	0.5	0.5
500	7	1	762	368	433	305	251	270	131	25	207	255	9	7	4	5	5	0.3	0.3	0.6	0.5	0.5
500	7	1	763	302	451	260	247	263	143	25	173	265	6	6	7	5	5	0.3	0.3	0.6	0.5	0.5
500	7	1	764	397	361	268	242	259	124	27	217	212	8	8	10	5	5	0.3	0.3	0.6	0.5	0.5
500	7	1	765	408	339	262	242	251	116	31	225	189	7	9	15	5	5	0.3	0.3	0.6	0.5	0.5
500	7	1	766	262	457	233	247	255	113	35	167	290	8	6	14	5	5	0.3	0.3	0.6	0.5	0.5
500	7	1	767	438	319	264	259	244	125	24	270	206	6	7	7	5	5	0.3	0.3	0.6	0.5	0.5
500	7	1	768	328	402	243	251	266	138	33	162	229	11	10	13	5	5	0.3	0.3	0.6	0.5	0.5
500	7	1	769	360	385	259	270	251	129	24	205	235	7	6	14	5	5	0.3	0.3	0.6	0.5	0.5
500	7	3	770	379	377	270	263	248	135	29	219	235	8	8	14	5	5	0.3	0.3	0.6	0.5	0.5
500	7	3	771	412	356	282	259	261	139	30	214	207	8	9	14	5	5	0.3	0.3	0.6	0.5	0.5
500	7	3	772	399	378	283	257	282	131	37	245	226	5	5	6	5	5	0.3	0.3	0.6	0.5	0.5
500	7	3	773	330	438	277	248	258	129	26	203	248	7	5	9	5	5	0.3	0.3	0.6	0.5	0.5
500	7	3	774	435	337	277	251	258	135	34	252	201	7	8	5	5	5	0.3	0.3	0.6	0.5	0.5
500	7	3	775	44	466	37	249	257	120	34	18	238	13	7	27	5	5	0.3	0.3	0.6	0.5	0.5
500	7	3	776	372	423	298	260	262	141	25	212	251	7	8	3	5	5	0.3	0.3	0.6	0.5	0.5
500	7	3	777	307	449	274	279	249	137	23	188	269	7	5	18	5	5	0.3	0.3	0.6	0.5	0.5
500	7	3	778	384	353	246	248	235	114	25	217	173	7	7	9	5	5	0.3	0.3	0.6	0.5	0.5
500	7	3	779	415	341	270	276	236	133	26	237	213	6	6	14	5	5	0.3	0.3	0.6	0.5	0.5
500	7	5	780	420	379	302	249	259	131	27	222	210	7	7	3	5	5	0.3	0.3	0.6	0.5	0.5
500	7	5	781	436	347	287	257	254	131	30	260	197	6	6	4	5	5	0.3	0.3	0.6	0.5	0.5
500	7	5	782	384	382	276	242	254	121	27	212	247	7	7	10	5	5	0.3	0.3	0.6	0.5	0.5
500	7	5	783	351	412	270	259	271	137	27	215	254	7	6	7	5	5	0.3	0.3	0.6	0.5	0.5
500	7	5	784	432	315	263	271	242	127	29	256	187	6	7	16	5	5	0.3	0.3	0.6	0.5	0.5
500	7	5	785	297	415	224	234	245	114	25	164	242	7	6	12	5	5	0.3	0.3	0.6	0.5	0.5
500	7	5	786	357	432	303	262	257	132	27	211	271	6	5	14	5	5	0.3	0.3	0.6	0.5	0.5
500	7	5	787	405	339	253	258	249	122	25	234	171	6	8	9	5	5	0.3	0.3	0.6	0.5	0.5
500	7	5	788	423	424	350	250	258	129	23	272	269	6	5	3	5	5	0.3	0.3	0.6	0.5	0.5
500	7	5	789	414	366	293	268	251	130	30	242	231	6	7	13	5	5	0.3	0.3	0.6	0.5	0.5
500	7	7	790	293	406	218	245	237	115	30	161	209	7	6	19	5	5	0.3	0.3	0.6	0.5	0.5
500	7	7	791	403	399	313	263	242	125	25	238	265	6	6	11	5	5	0.3	0.3	0.6	0.5	0.5
500	7	7	792	294	444	253	257	255	138	31	176	256	8	7	15	5	5	0.3	0.3	0.6	0.5	0.5
500	7	7	793	377	405	293	232	226	101	27	217	259	6	6	11	5	5	0.3	0.3	0.6	0.5	0.5
500	7	7	794	363	417	290	251	254	124	26	202	236	6	6	10	5	5	0.3	0.3	0.6	0.5	0.5
500	7	7	795	153	469	138	267	262	142	28	78	285	9	6	16	5	5	0.3	0.3	0.6	0.5	0.5
500	7	7	796	240	463	218	270	272	154	28	115	267	7	6	15	5	5	0.3	0.3	0.6	0.5	0.5
500	7	7	797	239	427	183	248	241	114	32	137	234	8	7	17	5	5	0.3	0.3	0.6	0.5	0.5
500	7	7	798	382	384	276	249	236	120	33	222	213	7	6	10	5	5	0.3	0.3	0.6	0.5	0.5
500	7	7	799	352	402	264	262	266	134	24	212	242	8	7	10	5	5	0.3	0.3	0.6	0.5	0.5
